2,FF,FF,FF,FF,FF,FF,FF,FF
,15,46,78,5,FF,0,0
1B,3,31,4A,38,48,43,45,38
1A7,FF,FF,0,3,0,0
11D,0,1,0
2C0,FF,,FF,FF,FF,FF,FF,FF,FF
6,0,22,14,3C,1E,2,58
15,46,78,5,FF,0,0
1B,3,31,4A,38,48,43,45,38
1A7,FF,FF,0,3,0,0
14,17,7A,FF,FF,D,AC,FF
9C,0,0
400,FD,2,3F,FF,FF,FF,FF,FF
B8,2,0
0,63,0,0,0,0,0
3F8,6,38,0,FF,7B,0
2,FF,FF,FF,FF,FF,FF,FF,FF
3,97,5,80,E0,50,FC,C
6,0,22,14,3C,1E,2,58
15,47,78,5,FF,0,0
1B,3,31,4A,38,48,43,45,38
2C,FF,FF,FF,FF,3,FF,FF
11D,0,1,0
1A7,FF,FF,0,3,0,0
2C0,FF,FF,FF,FF,FF,FF,FF,58
2,FF,FF,FF,FF,FF,FF,FF,FF
1A2,0,FA,0,0,0,0
14,17,7A,FF,FF,D,AC,FF
402,FD,8,3F,FF,FF,FF,FF,FF
0,63,0,0,0,0,0
3F8,6,38,0,FF,7B,0
2,FF,FF,FF,FF,FF,FF,FF,FF
6,0,22,14,3C,1E,2,58
15,47,77,5,FF,0,0
1B,3,31,4A,38,48,43,45,38
11D,0,1,0
1A7,FF,FF,0,3,0,0
2C0,FF,FF,FF,FF,FF,FF,FF,58
12,0,20,2,40,0,0
1B6,20,1,2B,2,28,0,20
2,FF,FF,FF,FF,FF,FF,FF,FF
14,17,7A,FF,FF,D,AC,FF
408,FD,A,BF,FF,FF,FF,FF,FF
0,63,0,0,0,0,0
3F8,6,38,0,FF,7B,0
2,FF,FF,FF,FF,FF,FF,FF,FF
6,0,22,14,3C,1E,2,58
15,47,78,5,FF,0,0
1B,3,31,4A,38,48,43,45,38
1A7,FF,FF,0,3,0,0
11D,0,1,0
2C0,FF,FF,FF,FF,FF,FF,FF,58
2,FF,FF,FF,FF,FF,FF,FF,FF
14,17,7A,FF,FF,D,AC,FF
40A,FD,C,BF,FF,FF,FF,FF,FF
0,63,0,0,0,0,0
3F8,6,38,0,FF,7B,0
2,FF,FF,FF,FF,FF,FF,FF,FF
6,0,22,14,3C,1E,2,58
15,47,78,5,FF,0,0
1B,3,31,4A,38,48,43,45,38
11D,0,1,0
1A7,FF,FF,0,3,0,0
2C0,FF,FF,FF,FF,FF,FF,FF,58
1AA,1
BA,0,0
2,FF,FF,FF,FF,FF,FF,FF,FF
40C,FD,11,BF,FF,FF,FF,FF,FF
13,88,0,0,5F,46
14,17,7A,FF,FF,D,AC,FF
2E,1F,0,0
D0,0,0
EC,0
159,3,FF,FF,FF,1,FF,0,3
210,3,0
0,63,0,0,0,0,0
3F8,6,38,0,FF,7B,0
2,FF,FF,FF,FF,FF,FF,FF,FF
6,0,22,14,3C,1E,2,58
15,47,78,5,FF,0,0
1B,3,31,4A,38,48,43,45,38
1A7,FF,FF,0,3,0,0
11D,0,1,0
2C0,FF,FF,FF,FF,FF,FF,FF,58
1C8,0
3A0,0,0
1B4,5,6A,7,0,0,0
1AC,4
2,FF,FF,FF,FF,FF,FF,FF,FF
411,FD,14,BF,FF,FF,FF,FF,FF
14,17,7A,FF,FF,D,AC,FF
1B8,0
9C,0,0
B8,2,0
0,63,0,0,0,0,0
3F8,6,38,0,FF,7B,0
2,FF,FF,FF,FF,FF,FF,FF,FF
3,97,5,80,E0,50,FC,C
6,0,22,14,3C,1E,2,58
15,47,78,5,FF,0,0
1B,3,31,4A,38,48,43,45,38
2C,FF,FF,FF,FF,3,FF,FF
11D,0,1,0
1A5,3F,0,FF,FF,FF
1A7,FF,FF,0,3,0,0
1AE,0,F0,0,0,0,0
1B2,0,7,0,0,0,0
2C0,FF,FF,FF,FF,FF,FF,FF,58
414,FD,15,3F,FF,FF,FF,FF,FF
2,FF,FF,FF,FF,FF,FF,FF,FF
14,17,7A,FF,FF,D,AC,FF
0,63,0,0,0,0,0
3F8,6,38,0,FF,7B,0
2,FF,FF,FF,FF,FF,FF,FF,FF
6,0,22,14,3C,1E,2,58
15,47,78,5,FF,0,0
1B,3,31,4A,38,48,43,45,38
11D,0,1,0
1A7,FF,FF,0,3,0,0
2C0,FF,FF,FF,FF,FF,FF,FF,58
415,FD,1B,3F,FF,FF,FF,FF,FF
2,FF,FF,FF,FF,FF,FF,FF,FF
14,17,7A,FF,FF,D,AC,FF
0,63,0,0,0,0,0
3F8,6,38,0,FF,7B,0
2,FF,FF,FF,FF,FF,FF,FF,FF
6,0,22,14,3C,1E,2,58
15,47,78,5,FF,0,0
1B,3,31,4A,38,48,43,45,38
11D,0,1,0
1A7,FF,FF,0,3,0,0
2C0,FF,FF,FF,FF,FF,FF,FF,58
41B,FD,1E,BF,FF,FF,FF,FF,FF
2,FF,FF,FF,FF,FF,FF,FF,FF
14,17,7A,FF,FF,D,AC,FF
0,63,0,0,0,0,0
3F8,6,38,0,FF,7B,0
2,FF,FF,FF,FF,FF,FF,FF,FF
6,0,22,14,3C,1E,2,58
15,47,78,5,FF,0,0
1B,3,31,4A,38,48,43,45,38
11D,0,1,0
1A7,FF,FF,0,3,0,0
2C0,FF,FF,FF,FF,FF,FF,FF,58
1AA,1
41E,FD,21,BF,FF,FF,FF,FF,FF
2,FF,FF,FF,FF,FF,FF,FF,FF
13,88,0,0,5F,46
14,17,7A,FF,FF,D,AC,FF
210,3,0
0,63,0,0,0,0,0
3F8,6,38,0,FF,7B,0
2,FF,FF,FF,FF,FF,FF,FF,FF
6,0,22,14,3C,1E,2,58
15,47,78,5,FF,0,0
1B,3,31,4A,38,48,43,45,38
11D,0,1,0
1A7,FF,FF,0,3,0,0
2C0,FF,FF,FF,FF,FF,FF,FF,58
1C8,0
3A0,0,0
1B4,5,6A,7,0,0,0
421,FD,3E,BF,FF,FF,FF,FF,FF
2,FF,FF,FF,FF,FF,FF,FF,FF
3F1,41,1
14,17,7A,FF,FF,D,AC,FF
9C,0,0
B8,2,0
0,63,0,0,0,0,0
3F8,6,38,0,FF,7B,0
2,FF,FF,FF,FF,FF,FF,FF,FF
3,97,5,80,E0,50,FC,C
6,0,22,14,3C,1E,2,58
15,47,78,5,FF,0,0
1B,3,31,4A,38,48,43,45,38
2C,FF,FF,FF,FF,3,FF,FF
11D,0,1,0
1A7,FF,FF,0,3,0,0
2C0,FF,FF,FF,FF,FF,FF,FF,58
43E,FD,0,BF,FF,FF,FF,FF,FF
2,FF,FF,FF,FF,FF,FF,FF,FF
1A2,0,FA,0,0,0,0
14,17,7A,FF,FF,D,AC,FF
0,63,0,0,0,0,0
3F8,6,38,0,FF,7B,0
2,FF,FF,FF,FF,FF,FF,FF,FF
6,0,22,14,3C,1E,2,58
15,47,77,5,FF,0,0
1B,3,31,4A,38,48,43,45,38
11D,0,1,0
1A7,FF,FF,0,3,0,0
2C0,FF,FF,FF,FF,FF,FF,FF,58
400,FD,2,3F,FF,FF,FF,FF,FF
12,0,20,2,40,0,0
1B6,20,3,29,4,29,0,20
2,FF,FF,FF,FF,FF,FF,FF,FF
14,17,7A,FF,FF,D,AC,FF
0,63,0,0,0,0,0
3F8,6,38,0,FF,7B,0
2,FF,FF,FF,FF,FF,FF,FF,FF
6,0,22,14,3C,1E,2,58
15,47,78,5,FF,0,0
1B,3,31,4A,38,48,43,45,38
11D,0,1,0
1A7,FF,FF,0,3,0,0
2C0,FF,FF,FF,FF,FF,FF,FF,58
402,FD,8,3F,FF,FF,FF,FF,FF
2,FF,FF,FF,FF,FF,FF,FF,FF
14,17,7A,FF,FF,D,AC,FF
0,63,0,0,0,0,0
3F8,6,38,0,FF,7B,0
408,FD,A,BF,FF,FF,FF,FF,FF
2,FF,FF,FF,FF,FF,FF,FF,FF
6,0,22,14,3C,1E,2,58
15,47,78,5,FF,0,0
1B,3,31,4A,38,48,43,45,38
11D,0,1,0
1A7,FF,FF,0,3,0,0
2C0,FF,FF,FF,FF,FF,FF,FF,58
1AA,1
BA,0,0
2,FF,FF,FF,FF,FF,FF,FF,FF
13,88,0,0,5F,46
14,17,7A,FF,FF,D,AC,FF
2E,1F,0,0
D0,0,0
EC,0
159,3,FF,FF,FF,1,FF,0,3
210,3,0
0,63,0,0,0,0,0
3F8,6,38,0,FF,7B,0
2,FF,FF,FF,FF,FF,FF,FF,FF
40A,FD,C,BF,FF,FF,FF,FF,FF
6,0,22,14,3C,1E,2,58
15,47,78,5,FF,0,0
1B,3,31,4A,38,48,43,45,38
11D,0,1,0
1A7,FF,FF,0,3,0,0
2C0,FF,FF,FF,FF,FF,FF,FF,58
1C8,0
1F8,0
1B3,0,0,0,0,0,0
3A0,0,0
1B4,5,6A,7,0,0,0
1AC,4
2,FF,FF,FF,FF,FF,FF,FF,FF
14,17,7A,FF,FF,D,AC,FF
1B8,0
9C,0,0
B8,2,0
0,63,0,0,0,0,0
40C,FD,11,BF,FF,FF,FF,FF,FF
3F8,6,38,0,FF,7B,0
2,FF,FF,FF,FF,FF,FF,FF,FF
3,97,5,80,E0,50,FC,C
6,0,22,14,3C,1E,2,58
10,43,1,19,71,E3,E0,2A,3
11,FF,1F,0,B,8C,41,11,0
15,47,78,5,FF,0,0
1B,3,31,4A,38,48,43,45,38
2C,FF,FF,FF,FF,3,FF,FF
110,97,7E,26,80,83,0,55,0
1A5,3F,0,FF,FF,FF
1AD,3,42,42,4,0,0
1AE,0,F0,0,0,0,0
1B2,0,7,0,0,0,0
2C0,FF,FF,FF,FF,FF,FF,FF,58
11D,0,1,0
2,FF,FF,FF,FF,FF,FF,FF,FF
14,17,7A,FF,FF,D,AC,FF
411,FD,14,BF,FF,FF,FF,FF,FF
0,63,0,0,0,0,0
3F8,6,38,0,FF,7B,0
2,FF,FF,FF,FF,FF,FF,FF,FF
6,0,22,14,3C,1E,2,58
15,47,78,5,FF,0,0
1B,3,31,4A,38,48,43,45,38
11D,0,1,0
1A7,FF,FF,0,3,0,0
2C0,FF,FF,FF,FF,FF,FF,FF,58
2,FF,FF,FF,FF,FF,FF,FF,FF
14,17,7A,FF,FF,D,AC,FF
414,FD,15,3F,FF,FF,FF,FF,FF
0,63,0,0,0,0,0
3F8,6,38,0,FF,7B,0
2,FF,FF,FF,FF,FF,FF,FF,FF
6,0,22,14,3C,1E,2,58
15,47,78,5,FF,0,0
1B,3,31,4A,38,48,43,45,38
11D,0,1,0
1A7,FF,FF,0,3,0,0
2C0,FF,FF,FF,FF,FF,FF,FF,58
2,FF,FF,FF,FF,FF,FF,FF,FF
14,17,7A,FF,FF,D,AC,FF
415,FD,1B,3F,FF,FF,FF,FF,FF
0,63,0,0,0,0,0
3F8,6,38,0,FF,7B,0
2,FF,FF,FF,FF,FF,FF,FF,FF
6,0,22,14,3C,1E,2,58
15,47,78,5,FF,0,0
1B,3,31,4A,38,48,43,45,38
11D,0,1,0
1A7,FF,FF,0,3,0,0
2C0,FF,FF,FF,FF,FF,FF,FF,58
1AA,1
2,FF,FF,FF,FF,FF,FF,FF,FF
13,88,0,0,5F,46
14,17,7A,FF,FF,D,AC,FF
210,3,0
41B,FD,1E,BF,FF,FF,FF,FF,FF
0,63,0,0,0,0,0
3F8,6,38,0,FF,7B,0
2,FF,FF,FF,FF,FF,FF,FF,FF
6,0,22,14,3C,1E,2,58
15,47,78,5,FF,0,0
1B,3,31,4A,38,48,43,45,38
11D,0,1,0
1A7,FF,FF,0,3,0,0
2C0,FF,FF,FF,FF,FF,FF,FF,58
1C8,0
3A0,0,0
1B4,5,6A,7,0,0,0
2,FF,FF,FF,FF,FF,FF,FF,FF
14,17,7A,FF,FF,D,AC,FF
41E,FD,21,BF,FF,FF,FF,FF,FF
9C,0,0
B8,2,0
0,63,0,0,0,0,0
3F8,6,38,0,FF,7B,0
2,FF,FF,FF,FF,FF,FF,FF,FF
3,97,5,80,E0,50,FC,C
6,0,22,14,3C,1E,2,58
15,47,78,5,FF,0,0
1B,3,31,4A,38,48,43,45,38
2C,FF,FF,FF,FF,3,FF,FF
11D,0,1,0
1A7,FF,FF,0,3,0,0
2C0,FF,FF,FF,FF,FF,FF,FF,58
2,FF,FF,FF,FF,FF,FF,FF,FF
1A2,0,FA,0,0,0,0
14,17,7A,FF,FF,D,AC,FF
421,FD,3E,BF,FF,FF,FF,FF,FF
0,63,0,0,0,0,0
3F8,6,38,0,FF,7B,0
2,FF,FF,FF,FF,FF,FF,FF,FF
6,0,22,14,3C,1E,2,58
15,47,78,5,FF,0,0
1B,3,31,4A,38,48,43,45,38
11D,0,1,0
1A7,FF,FF,0,3,0,0
2C0,FF,FF,FF,FF,FF,FF,FF,58
12,0,20,2,40,0,0
1B6,20,1,2B,2,28,0,20
2,FF,FF,FF,FF,FF,FF,FF,FF
14,17,7A,FF,FF,D,AC,FF
43E,FD,0,BF,FF,FF,FF,FF,FF
0,63,0,0,0,0,0
3F8,6,38,0,FF,7B,0
2,FF,FF,FF,FF,FF,FF,FF,FF
6,0,22,14,3C,1E,2,58
15,47,78,5,FF,0,0
1B,3,31,4A,38,48,43,45,38
11D,0,1,0
1A7,FF,FF,0,3,0,0
2C0,FF,FF,FF,FF,FF,FF,FF,58
2,FF,FF,FF,FF,FF,FF,FF,FF
14,17,7A,FF,FF,D,AC,FF
400,FD,2,3F,FF,FF,FF,FF,FF
0,63,0,0,0,0,0
3F8,6,38,0,FF,7B,0
2,FF,FF,FF,FF,FF,FF,FF,FF
6,0,22,14,3C,1E,2,58
15,47,78,5,FF,0,0
1B,3,31,4A,38,48,43,45,38
11D,0,1,0
1A7,FF,FF,0,3,0,0
2C0,FF,FF,FF,FF,FF,FF,FF,58
1AA,1
BA,0,0
402,FD,8,3F,FF,FF,FF,FF,FF
2,FF,FF,FF,FF,FF,FF,FF,FF
13,88,0,0,5F,46
14,17,7A,FF,FF,D,AC,FF
2E,1F,0,0
D0,0,0
EC,0
159,3,FF,FF,FF,1,FF,0,3
210,3,0
0,63,0,0,0,0,0
3F8,6,38,0,FF,7B,0
2,FF,FF,FF,FF,FF,FF,FF,FF
6,0,22,14,3C,1E,2,58
15,47,78,5,FF,0,0
1B,3,31,4A,38,48,43,45,38
11D,0,1,0
1A7,FF,FF,0,3,0,0
2C0,FF,FF,FF,FF,FF,FF,FF,58
1C8,0
3A0,0,0
1B4,5,6A,7,0,0,0
408,FD,A,BF,FF,FF,FF,FF,FF
1AC,4
2,FF,FF,FF,FF,FF,FF,FF,FF
14,17,7A,FF,FF,D,AC,FF
1B8,0
3F1,41,1
B8,2,0
9C,0,0
0,63,0,0,0,0,0
3F8,6,38,0,FF,7B,0
2,FF,FF,FF,FF,FF,FF,FF,FF
3,97,5,80,E0,50,FC,C
6,0,22,14,3C,1E,2,58
15,47,78,5,FF,0,0
1B,3,31,4A,38,48,43,45,38
2C,FF,FF,FF,FF,3,FF,FF
11D,0,1,0
1A5,3F,0,FF,FF,FF
1A7,FF,FF,0,3,0,0
1AE,0,F0,0,0,0,0
1B2,0,7,0,0,0,0
2C0,FF,FF,FF,FF,FF,FF,FF,58
40A,FD,C,BF,FF,FF,FF,FF,FF
2,FF,FF,FF,FF,FF,FF,FF,FF
14,17,7A,FF,FF,D,AC,FF
0,63,0,0,0,0,0
3F8,6,38,0,FF,7B,0
2,FF,FF,FF,FF,FF,FF,FF,FF
6,0,22,14,3C,1E,2,58
15,47,78,5,FF,0,0
1B,3,31,4A,38,48,43,45,38
11D,0,1,0
1A7,FF,FF,0,3,0,0
2C0,FF,FF,FF,FF,FF,FF,FF,58
40C,FD,11,BF,FF,FF,FF,FF,FF
2,FF,FF,FF,FF,FF,FF,FF,FF
14,17,7A,FF,FF,D,AC,FF
0,63,0,0,0,0,0
3F8,6,38,0,FF,7B,0
2,FF,FF,FF,FF,FF,FF,FF,FF
6,0,22,14,3C,1E,2,58
15,47,78,5,FF,0,0
1B,3,31,4A,38,48,43,45,38
11D,0,1,0
1A7,FF,FF,0,3,0,0
2C0,FF,FF,FF,FF,FF,FF,FF,58
411,FD,14,BF,FF,FF,FF,FF,FF
2,FF,FF,FF,FF,FF,FF,FF,FF
14,17,7A,FF,FF,D,AC,FF
0,63,0,0,0,0,0
3F8,6,38,0,FF,7B,0
2,FF,FF,FF,FF,FF,FF,FF,FF
6,0,22,14,3C,1E,2,58
15,47,78,5,FF,0,0
1B,3,31,4A,38,48,43,45,38
11D,0,1,0
1A7,FF,FF,0,3,0,0
2C0,FF,FF,FF,FF,FF,FF,FF,58
414,FD,15,3F,FF,FF,FF,FF,FF
1AA,1
2,FF,FF,FF,FF,FF,FF,FF,FF
13,88,0,0,5F,46
14,17,7A,FF,FF,D,AC,FF
210,3,0
0,63,0,0,0,0,0
3F8,6,38,0,FF,7B,0
2,FF,FF,FF,FF,FF,FF,FF,FF
6,0,22,14,3C,1E,2,58
15,47,78,5,FF,0,0
1B,3,31,4A,38,48,43,45,38
11D,0,1,0
1A7,FF,FF,0,3,0,0
415,FD,1B,3F,FF,FF,FF,FF,FF
2C0,FF,FF,FF,FF,FF,FF,FF,58
1C8,0
3A0,0,0
1B4,5,6A,7,0,0,0
2,FF,FF,FF,FF,FF,FF,FF,FF
14,17,7A,FF,FF,D,AC,FF
B8,2,0
9C,0,0
0,63,0,0,0,0,0
3F8,6,38,0,FF,7B,0
2,FF,FF,FF,FF,FF,FF,FF,FF
3,97,5,80,E0,50,FC,C
6,0,22,14,3C,1E,2,58
15,47,78,5,FF,0,0
1B,3,31,4A,38,48,43,45,38
2C,FF,FF,FF,FF,3,FF,FF
11D,0,1,0
1A7,FF,FF,0,3,0,0
41B,FD,1E,BF,FF,FF,FF,FF,FF
2C0,FF,FF,FF,FF,FF,FF,FF,58
2,FF,FF,FF,FF,FF,FF,FF,FF
1A2,0,FA,0,0,0,0
14,17,7A,FF,FF,D,AC,FF
0,63,0,0,0,0,0
3F8,6,38,0,FF,7B,0
2,FF,FF,FF,FF,FF,FF,FF,FF
6,0,22,14,3C,1E,2,58
15,47,78,5,FF,0,0
1B,3,31,4A,38,48,43,45,38
11D,0,1,0
1A7,FF,FF,0,3,0,0
41E,FD,21,BF,FF,FF,FF,FF,FF
2C0,FF,FF,FF,FF,FF,FF,FF,58
12,0,20,2,40,0,0
1B6,20,3,29,4,29,0,20
2,FF,FF,FF,FF,FF,FF,FF,FF
14,17,7A,FF,FF,D,AC,FF
0,63,0,0,0,0,0
3F8,6,38,0,FF,7B,0
2,FF,FF,FF,FF,FF,FF,FF,FF
6,0,22,14,3C,1E,2,58
15,47,78,5,FF,0,0
1B,3,31,4A,38,48,43,45,38
11D,0,1,0
1A7,FF,FF,0,3,0,0
421,FD,3E,BF,FF,FF,FF,FF,FF
2C0,FF,FF,FF,FF,FF,FF,FF,58
2,FF,FF,FF,FF,FF,FF,FF,FF
14,17,7A,FF,FF,D,AC,FF
0,63,0,0,0,0,0
3F8,6,38,0,FF,7B,0
2,FF,FF,FF,FF,FF,FF,FF,FF
6,0,22,14,3C,1E,2,58
43E,FD,0,BF,FF,FF,FF,FF,FF
15,47,78,5,FF,0,0
1B,3,31,4A,38,48,43,45,38
11D,0,1,0
1A7,FF,FF,0,3,0,0
2C0,FF,FF,FF,FF,FF,FF,FF,58
1AA,1
BA,0,0
2,FF,FF,FF,FF,FF,FF,FF,FF
13,88,0,0,5F,46
14,17,7A,FF,FF,D,AC,FF
2E,1F,0,0
D0,0,0
EC,0
159,3,FF,FF,FF,1,FF,0,3
210,3,0
0,63,0,0,0,0,0
400,FD,2,3F,FF,FF,FF,FF,FF
3F8,6,38,0,FF,7B,0
2,FF,FF,FF,FF,FF,FF,FF,FF
6,0,22,14,3C,1E,2,58
15,47,78,5,FF,0,0
1B,3,31,4A,38,48,43,45,38
11D,0,1,0
1A7,FF,FF,0,3,0,0
2C0,FF,FF,FF,FF,FF,FF,FF,58
1C8,0
1F8,0
1B3,0,0,0,0,0,0
3A0,0,0
1B4,5,6A,7,0,0,0
1AC,4
2,FF,FF,FF,FF,FF,FF,FF,FF
14,17,7A,FF,FF,D,AC,FF
1B8,0
B8,2,0
402,FD,8,3F,FF,FF,FF,FF,FF
0,63,0,0,0,0,0
9C,0,0
3F8,6,38,0,FF,7B,0
2,FF,FF,FF,FF,FF,FF,FF,FF
3,97,5,80,E0,50,FC,C
6,0,22,14,3C,1E,2,58
10,43,1,19,71,E3,E0,2A,3
11,FF,1F,0,B,8C,41,11,0
15,47,78,5,FF,0,0
1B,3,31,4A,38,48,43,45,38
2C,FF,FF,FF,FF,3,FF,FF
110,97,7E,26,80,83,0,55,0
11D,0,1,0
1A7,FF,FF,0,3,0,0
1AD,3,42,42,4,0,0
1AE,0,F0,0,0,0,0
1AF,3,A7,0,E0,95,BD,8,0
1B0,E,92,3,E8,A,A0,8,D9
1B5,1F,D,17,D1,0,0
2C0,FF,FF,FF,FF,FF,FF,FF,58
1A5,3F,0,FF,FF,FF
2,FF,FF,FF,FF,FF,FF,FF,FF
14,17,7A,FF,FF,D,AC,FF
408,FD,A,BF,FF,FF,FF,FF,FF
0,63,0,0,0,0,0
3F8,6,38,0,FF,7B,0
2,FF,FF,FF,FF,FF,FF,FF,FF
6,0,22,14,3C,1E,2,58
15,47,78,5,FF,0,0
1B,3,31,4A,38,48,43,45,38
11D,0,1,0
1A7,FF,FF,0,3,0,0
2C0,FF,FF,FF,FF,FF,FF,FF,58
2,FF,FF,FF,FF,FF,FF,FF,FF
14,17,7A,FF,FF,D,AC,FF
40A,FD,C,BF,FF,FF,FF,FF,FF
0,63,0,0,0,0,0
3F8,6,38,0,FF,7B,0
2,FF,FF,FF,FF,FF,FF,FF,FF
6,0,22,14,3C,1E,2,58
15,47,78,5,FF,0,0
1B,3,31,4A,38,48,43,45,38
11D,0,1,0
1A7,FF,FF,0,3,0,0
2C0,FF,FF,FF,FF,FF,FF,FF,58
2,FF,FF,FF,FF,FF,FF,FF,FF
14,17,7A,FF,FF,D,AC,FF
40C,FD,11,BF,FF,FF,FF,FF,FF
0,63,0,0,0,0,0
3F8,6,38,0,FF,7B,0
2,FF,FF,FF,FF,FF,FF,FF,FF
6,0,22,14,3C,1E,2,58
15,47,78,5,FF,0,0
1B,3,31,4A,38,48,43,45,38
11D,0,1,0
1A7,FF,FF,0,3,0,0
2C0,FF,FF,FF,FF,FF,FF,FF,58
1AA,1
2,FF,FF,FF,FF,FF,FF,FF,FF
411,FD,14,BF,FF,FF,FF,FF,FF
13,88,0,0,5F,46
14,17,7A,FF,FF,D,AC,FF
210,3,0
0,63,0,0,0,0,0
3F8,6,38,0,FF,7B,0
2,FF,FF,FF,FF,FF,FF,FF,FF
6,0,22,14,3C,1E,2,58
15,47,78,5,FF,0,0
1B,3,31,4A,38,48,43,45,38
11D,0,1,0
1A7,FF,FF,0,3,0,0
2C0,FF,FF,FF,FF,FF,FF,FF,58
1C8,0
3A0,0,0
1B4,5,6A,7,0,0,0
414,FD,15,3F,FF,FF,FF,FF,FF
2,FF,FF,FF,FF,FF,FF,FF,FF
14,17,7A,FF,FF,D,AC,FF
3F1,41,1
B8,2,0
0,63,0,0,0,0,0
3F8,6,38,0,FF,7B,0
2,FF,FF,FF,FF,FF,FF,FF,FF
3,97,5,80,E0,50,FC,C
6,0,22,14,3C,1E,2,58
15,47,78,5,FF,0,0
1B,3,31,4A,38,48,43,45,38
2C,FF,FF,FF,FF,3,FF,FF
9C,0,0
11D,0,1,0
1A7,FF,FF,0,3,0,0
2C0,FF,FF,FF,FF,FF,FF,FF,58
415,FD,1B,3F,FF,FF,FF,FF,FF
2,FF,FF,FF,FF,FF,FF,FF,FF
14,17,7A,FF,FF,D,AC,FF
1A2,0,FA,0,0,0,0
0,63,0,0,0,0,0
3F8,6,38,0,FF,7B,0
2,FF,FF,FF,FF,FF,FF,FF,FF
6,0,22,14,3C,1E,2,58
15,47,78,5,FF,0,0
1B,3,31,4A,38,48,43,45,38
11D,0,1,0
1A7,FF,FF,0,3,0,0
2C0,FF,FF,FF,FF,FF,FF,FF,58
41B,FD,1E,BF,FF,FF,FF,FF,FF
12,0,20,2,40,0,0
1B6,20,1,2B,2,28,0,20
2,FF,FF,FF,FF,FF,FF,FF,FF
14,17,7A,FF,FF,D,AC,FF
0,63,0,0,0,0,0
3F8,6,38,0,FF,7B,0
2,FF,FF,FF,FF,FF,FF,FF,FF
6,0,22,14,3C,1E,2,58
15,47,78,5,FF,0,0
1B,3,31,4A,38,48,43,45,38
11D,0,1,0
1A7,FF,FF,0,3,0,0
2C0,FF,FF,FF,FF,FF,FF,FF,58
41E,FD,21,BF,FF,FF,FF,FF,FF
2,FF,FF,FF,FF,FF,FF,FF,FF
14,17,7A,FF,FF,D,AC,FF
0,63,0,0,0,0,0
3F8,6,38,0,FF,7B,0
2,FF,FF,FF,FF,FF,FF,FF,FF
6,0,22,14,3C,1E,2,58
15,47,78,5,FF,0,0
1B,3,31,4A,38,48,43,45,38
11D,0,1,0
1A7,FF,FF,0,3,0,0
2C0,FF,FF,FF,FF,FF,FF,FF,58
421,FD,3E,BF,FF,FF,FF,FF,FF
1AA,1
BA,0,0
2,FF,FF,FF,FF,FF,FF,FF,FF
13,88,0,0,5F,46
14,17,7A,FF,FF,D,AC,FF
2E,1F,0,0
D0,0,0
EC,0
159,3,FF,FF,FF,1,FF,0,3
210,3,0
0,63,0,0,0,0,0
3F8,6,38,0,FF,7B,0
2,FF,FF,FF,FF,FF,FF,FF,FF
6,0,22,14,3C,1E,2,58
15,47,78,5,FF,0,0
1B,3,31,4A,38,48,43,45,38
11D,0,1,0
1A7,FF,FF,0,3,0,0
2C0,FF,FF,FF,FF,FF,FF,FF,58
1C8,0
43E,FD,0,BF,FF,FF,FF,FF,FF
3A0,0,0
1B4,5,6A,7,0,0,0
1AC,4
2,FF,FF,FF,FF,FF,FF,FF,FF
14,17,7A,FF,FF,D,AC,FF
1B8,0
B8,2,0
0,63,0,0,0,0,0
3F8,6,38,0,FF,7B,0
2,FF,FF,FF,FF,FF,FF,FF,FF
3,97,5,80,E0,50,FC,C
6,0,22,14,3C,1E,2,58
15,47,78,5,FF,0,0
1B,3,31,4A,38,48,43,45,38
2C,FF,FF,FF,FF,3,FF,FF
9C,0,0
11D,0,1,0
1A5,3F,0,FF,FF,FF
1A7,FF,FF,0,3,0,0
1AE,0,F0,0,0,0,0
1B2,0,7,0,0,0,0
2C0,FF,FF,FF,FF,FF,FF,FF,58
400,FD,2,3F,FF,FF,FF,FF,FF
2,FF,FF,FF,FF,FF,FF,FF,FF
14,17,7A,FF,FF,D,AC,FF
0,63,0,0,0,0,0
3F8,6,38,0,FF,7B,0
2,FF,FF,FF,FF,FF,FF,FF,FF
6,0,22,14,3C,1E,2,58
15,47,77,5,FF,0,0
1B,3,31,4A,38,48,43,45,38
11D,0,1,0
1A7,FF,FF,0,3,0,0
2C0,FF,FF,FF,FF,FF,FF,FF,58
402,FD,8,3F,FF,FF,FF,FF,FF
2,FF,FF,FF,FF,FF,FF,FF,FF
14,17,7A,FF,FF,D,AC,FF
0,63,0,0,0,0,0
408,FD,A,BF,FF,FF,FF,FF,FF
3F8,6,38,0,FF,7B,0
2,FF,FF,FF,FF,FF,FF,FF,FF
6,0,22,14,3C,1E,2,58
15,47,78,5,FF,0,0
1B,3,31,4A,38,48,43,45,38
11D,0,1,0
1A7,FF,FF,0,3,0,0
2C0,FF,FF,FF,FF,FF,FF,FF,58
2,FF,FF,FF,FF,FF,FF,FF,FF
14,17,7A,FF,FF,D,AC,FF
40A,FD,C,BF,FF,FF,FF,FF,FF
0,63,0,0,0,0,0
3F8,6,38,0,FF,7B,0
2,FF,FF,FF,FF,FF,FF,FF,FF
6,0,22,14,3C,1E,2,58
15,47,78,5,FF,0,0
1B,3,31,4A,38,48,43,45,38
11D,0,1,0
1A7,FF,FF,0,3,0,0
2C0,FF,FF,FF,FF,FF,FF,FF,58
1AA,1
2,FF,FF,FF,FF,FF,FF,FF,FF
13,88,0,0,5F,46
14,17,7A,FF,FF,D,AC,FF
210,3,0
40C,FD,11,BF,FF,FF,FF,FF,FF
0,63,0,0,0,0,0
3F8,6,38,0,FF,7B,0
2,FF,FF,FF,FF,FF,FF,FF,FF
6,0,22,14,3C,1E,2,58
15,47,78,5,FF,0,0
1B,3,31,4A,38,48,43,45,38
11D,0,1,0
1A7,FF,FF,0,3,0,0
2C0,FF,FF,FF,FF,FF,FF,FF,58
1C8,0
3A0,0,0
1B4,5,6A,7,0,0,0
2,FF,FF,FF,FF,FF,FF,FF,FF
14,17,7A,FF,FF,D,AC,FF
411,FD,14,BF,FF,FF,FF,FF,FF
B8,2,0
0,63,0,0,0,0,0
3F8,6,38,0,FF,7B,0
2,FF,FF,FF,FF,FF,FF,FF,FF
3,97,5,80,E0,50,FC,C
6,0,22,14,3C,1E,2,58
15,47,78,5,FF,0,0
1B,3,31,4A,38,48,43,45,38
2C,FF,FF,FF,FF,3,FF,FF
11D,0,1,0
9C,0,0
1A7,FF,FF,0,3,0,0
2C0,FF,FF,FF,FF,FF,FF,FF,58
2,FF,FF,FF,FF,FF,FF,FF,FF
14,17,7A,FF,FF,D,AC,FF
1A2,0,FA,0,0,0,0
414,FD,15,3F,FF,FF,FF,FF,FF
0,63,0,0,0,0,0
3F8,6,38,0,FF,7B,0
2,FF,FF,FF,FF,FF,FF,FF,FF
6,0,22,14,3C,1E,2,58
15,47,78,5,FF,0,0
1B,3,31,4A,38,48,43,45,38
11D,0,1,0
1A7,FF,FF,0,3,0,0
2C0,FF,FF,FF,FF,FF,FF,FF,58
12,0,20,2,40,0,0
1B6,20,3,29,4,29,0,20
2,FF,FF,FF,FF,FF,FF,FF,FF
14,17,7A,FF,FF,D,AC,FF
415,FD,1B,3F,FF,FF,FF,FF,FF
0,63,0,0,0,0,0
3F8,6,38,0,FF,7B,0
2,FF,FF,FF,FF,FF,FF,FF,FF
6,0,22,14,3C,1E,2,58
15,47,77,5,FF,0,0
1B,3,31,4A,38,48,43,45,38
11D,0,1,0
1A7,FF,FF,0,3,0,0
2C0,FF,FF,FF,FF,FF,FF,FF,58
2,FF,FF,FF,FF,FF,FF,FF,FF
14,17,7A,FF,FF,D,AC,FF
41B,FD,1E,BF,FF,FF,FF,FF,FF
0,63,0,0,0,0,0
3F8,6,38,0,FF,7B,0
2,FF,FF,FF,FF,FF,FF,FF,FF
6,0,22,14,3C,1E,2,58
15,47,78,5,FF,0,0
1B,3,31,4A,38,48,43,45,38
11D,0,1,0
1A7,FF,FF,0,3,0,0
2C0,FF,FF,FF,FF,FF,FF,FF,58
BA,0,0
1AA,1
41E,FD,21,BF,FF,FF,FF,FF,FF
2,FF,FF,FF,FF,FF,FF,FF,FF
13,88,0,0,5F,46
14,17,7A,FF,FF,D,AC,FF
2E,1F,0,0
D0,0,0
EC,0
159,3,FF,FF,FF,1,FF,0,3
210,3,0
0,63,0,0,0,0,0
3F8,6,38,0,FF,7B,0
2,FF,FF,FF,FF,FF,FF,FF,FF
6,0,22,14,3C,1E,2,58
15,47,78,5,FF,0,0
1B,3,31,4A,38,48,43,45,38
11D,0,1,0
1A7,FF,FF,0,3,0,0
2C0,FF,FF,FF,FF,FF,FF,FF,58
1C8,0
1F8,0
1B3,0,0,0,0,0,0
421,FD,3E,BF,FF,FF,FF,FF,FF
3A0,0,0
1B4,5,6A,7,0,0,0
1AC,4
2,FF,FF,FF,FF,FF,FF,FF,FF
14,17,7A,FF,FF,D,AC,FF
1B8,0
3F1,41,1
B8,2,0
0,63,0,0,0,0,0
3F8,6,38,0,FF,7B,0
2,FF,FF,FF,FF,FF,FF,FF,FF
3,97,5,80,E0,50,FC,C
6,0,22,14,3C,1E,2,58
10,43,1,19,71,E3,E0,2A,3
11,FF,1F,0,B,8C,41,11,0
15,47,77,5,FF,0,0
1B,3,31,4A,38,48,43,45,38
11D,0,1,0
2C,FF,FF,FF,FF,3,FF,FF
110,97,7E,26,80,83,0,55,0
9C,0,0
1A7,FF,FF,0,3,0,0
1AD,3,42,42,4,0,0
1AE,0,F0,0,0,0,0
1AF,3,A7,0,E0,95,BD,8,0
43E,FD,0,BF,FF,FF,FF,FF,FF
2C0,FF,FF,FF,FF,FF,FF,FF,58
1A5,3F,0,FF,FF,FF
2,FF,FF,FF,FF,FF,FF,FF,FF
14,17,7A,FF,FF,D,AC,FF
0,63,0,0,0,0,0
3F8,6,38,0,FF,7B,0
2,FF,FF,FF,FF,FF,FF,FF,FF
6,0,22,14,3C,1E,2,58
15,47,77,5,FF,0,0
1B,3,31,4A,38,48,43,45,38
11D,0,1,0
1A7,FF,FF,0,3,0,0
2C0,FF,FF,FF,FF,FF,FF,FF,58
400,FD,2,3F,FF,FF,FF,FF,FF
2,FF,FF,FF,FF,FF,FF,FF,FF
14,17,7A,FF,FF,D,AC,FF
0,63,0,0,0,0,0
3F8,6,38,0,FF,7B,0
2,FF,FF,FF,FF,FF,FF,FF,FF
6,0,22,14,3C,1E,2,58
15,46,78,5,FF,0,0
1B,3,31,4A,38,48,43,45,38
11D,0,1,0
1A7,FF,FF,0,3,0,0
2C0,FF,FF,FF,FF,FF,FF,FF,58
402,FD,8,3F,FF,FF,FF,FF,FF
2,FF,FF,FF,FF,FF,FF,FF,FF
14,17,7A,FF,FF,D,AC,FF
0,63,0,0,0,0,0
408,FD,A,BF,FF,FF,FF,FF,FF
3F8,6,38,0,FF,7B,0
2,FF,FF,FF,FF,FF,FF,FF,FF
6,0,22,14,3C,1E,2,58
15,46,78,5,FF,0,0
1B,3,31,4A,38,48,43,45,38
11D,0,1,0
1A7,FF,FF,0,3,0,0
2C0,FF,FF,FF,FF,FF,FF,FF,58
1AA,1
2,FF,FF,FF,FF,FF,FF,FF,FF
13,88,0,0,5F,46
14,17,7A,FF,FF,D,AC,FF
210,3,0
40A,FD,C,BF,FF,FF,FF,FF,FF
0,63,0,0,0,0,0
3F8,6,38,0,FF,7B,0
2,FF,FF,FF,FF,FF,FF,FF,FF
6,0,22,14,3C,1E,2,58
15,47,78,5,FF,0,0
1B,3,31,4A,38,48,43,45,38
11D,0,1,0
1A7,FF,FF,0,3,0,0
2C0,FF,FF,FF,FF,FF,FF,FF,58
1C8,0
3A0,0,0
1B4,5,6A,7,0,0,0
2,FF,FF,FF,FF,FF,FF,FF,FF
14,17,7A,FF,FF,D,AC,FF
40C,FD,11,BF,FF,FF,FF,FF,FF
B8,2,0
0,63,0,0,0,0,0
3F8,6,38,0,FF,7B,0
2,FF,FF,FF,FF,FF,FF,FF,FF
3,97,5,80,E0,50,FC,C
6,0,22,14,3C,1E,2,58
15,47,78,5,FF,0,0
1B,3,31,4A,38,48,43,45,38
2C,FF,FF,FF,FF,3,FF,FF
11D,0,1,0
1A7,FF,FF,0,3,0,0
2C0,FF,FF,FF,FF,FF,FF,FF,58
9C,0,0
2,FF,FF,FF,FF,FF,FF,FF,FF
14,17,7A,FF,FF,D,AC,FF
1A2,0,FA,0,0,0,0
411,FD,14,BF,FF,FF,FF,FF,FF
0,63,0,0,0,0,0
3F8,6,38,0,FF,7B,0
2,FF,FF,FF,FF,FF,FF,FF,FF
6,0,22,14,3C,1E,2,58
15,47,77,5,FF,0,0
1B,3,31,4A,38,48,43,45,38
11D,0,1,0
1A7,FF,FF,0,3,0,0
2C0,FF,FF,FF,FF,FF,FF,FF,58
12,0,20,2,40,0,0
1B6,20,1,2B,2,28,0,20
2,FF,FF,FF,FF,FF,FF,FF,FF
14,17,7A,FF,FF,D,AC,FF
414,FD,15,3F,FF,FF,FF,FF,FF
0,63,0,0,0,0,0
3F8,6,38,0,FF,7B,0
2,FF,FF,FF,FF,FF,FF,FF,FF
6,0,22,14,3C,1E,2,58
15,47,78,5,FF,0,0
1B,3,31,4A,38,48,43,45,38
11D,0,1,0
1A7,FF,FF,0,3,0,0
2C0,FF,FF,FF,FF,FF,FF,FF,58
2,FF,FF,FF,FF,FF,FF,FF,FF
14,17,7A,FF,FF,D,AC,FF
415,FD,1B,3F,FF,FF,FF,FF,FF
0,63,0,0,0,0,0
3F8,6,38,0,FF,7B,0
2,FF,FF,FF,FF,FF,FF,FF,FF
6,0,22,14,3C,1E,2,58
15,47,78,5,FF,0,0
1B,3,31,4A,38,48,43,45,38
11D,0,1,0
1A7,FF,FF,0,3,0,0
2C0,FF,FF,FF,FF,FF,FF,FF,58
BA,0,0
1AA,1
2,FF,FF,FF,FF,FF,FF,FF,FF
13,88,0,0,5F,46
14,17,7A,FF,FF,D,AC,FF
2E,1F,0,0
D0,0,0
EC,0
159,3,FF,FF,FF,1,FF,0,3
210,3,0
41B,FD,1E,BF,FF,FF,FF,FF,FF
0,63,0,0,0,0,0
3F8,6,38,0,FF,7B,0
2,FF,FF,FF,FF,FF,FF,FF,FF
6,0,22,14,3C,1E,2,58
15,47,78,5,FF,0,0
1B,3,31,4A,38,48,43,45,38
11D,0,1,0
1A7,FF,FF,0,3,0,0
2C0,FF,FF,FF,FF,FF,FF,FF,58
1C8,0
3A0,0,0
1B4,5,6A,7,0,0,0
1AC,4
2,FF,FF,FF,FF,FF,FF,FF,FF
14,17,7A,FF,FF,D,AC,FF
1B8,0
41E,FD,21,BF,FF,FF,FF,FF,FF
B8,2,0
0,63,0,0,0,0,0
3F8,6,38,0,FF,7B,0
2,FF,FF,FF,FF,FF,FF,FF,FF
3,97,5,80,E0,50,FC,C
6,0,22,14,3C,1E,2,58
15,47,77,5,FF,0,0
1B,3,31,4A,38,48,43,45,38
2C,FF,FF,FF,FF,3,FF,FF
11D,0,1,0
1A5,3F,0,FF,FF,FF
1A7,FF,FF,0,3,0,0
1AE,0,F0,0,0,0,0
1B2,0,7,0,0,0,0
2C0,FF,FF,FF,FF,FF,FF,FF,58
9C,0,0
2,FF,FF,FF,FF,FF,FF,FF,FF
421,FD,3E,BF,FF,FF,FF,FF,FF
14,17,7A,FF,FF,D,AC,FF
0,63,0,0,0,0,0
3F8,6,38,0,FF,7B,0
2,FF,FF,FF,FF,FF,FF,FF,FF
6,0,22,14,3C,1E,2,58
15,47,78,5,FF,0,0
1B,3,31,4A,38,48,43,45,38
11D,0,1,0
1A7,FF,FF,0,3,0,0
2C0,FF,FF,FF,FF,FF,FF,FF,58
43E,FD,0,BF,FF,FF,FF,FF,FF
2,FF,FF,FF,FF,FF,FF,FF,FF
14,17,7A,FF,FF,D,AC,FF
0,63,0,0,0,0,0
3F8,6,38,0,FF,7B,0
2,FF,FF,FF,FF,FF,FF,FF,FF
6,0,22,14,3C,1E,2,58
15,47,78,5,FF,0,0
1B,3,31,4A,38,48,43,45,38
11D,0,1,0
1A7,FF,FF,0,3,0,0
2C0,FF,FF,FF,FF,FF,FF,FF,58
400,FD,2,3F,FF,FF,FF,FF,FF
2,FF,FF,FF,FF,FF,FF,FF,FF
14,17,7A,FF,FF,D,AC,FF
0,63,0,0,0,0,0
3F8,6,38,0,FF,7B,0
2,FF,FF,FF,FF,FF,FF,FF,FF
6,0,22,14,3C,1E,2,58
15,47,78,5,FF,0,0
1B,3,31,4A,38,48,43,45,38
11D,0,1,0
1A7,FF,FF,0,3,0,0
2C0,FF,FF,FF,FF,FF,FF,FF,58
402,FD,8,3F,FF,FF,FF,FF,FF
1AA,1
2,FF,FF,FF,FF,FF,FF,FF,FF
13,88,0,0,5F,46
14,17,7A,FF,FF,D,AC,FF
210,3,0
0,63,0,0,0,0,0
3F8,6,38,0,FF,7B,0
2,FF,FF,FF,FF,FF,FF,FF,FF
6,0,22,14,3C,1E,2,58
15,47,78,5,FF,0,0
1B,3,31,4A,38,48,43,45,38
11D,0,1,0
1A7,FF,FF,0,3,0,0
2C0,FF,FF,FF,FF,FF,FF,FF,58
1C8,0
408,FD,A,BF,FF,FF,FF,FF,FF
3A0,0,0
1B4,5,6A,7,0,0,0
2,FF,FF,FF,FF,FF,FF,FF,FF
14,17,7A,FF,FF,D,AC,FF
3F1,41,1
B8,2,0
0,63,0,0,0,0,0
3F8,6,38,0,FF,7B,0
2,FF,FF,FF,FF,FF,FF,FF,FF
3,97,5,80,E0,50,FC,C
6,0,22,14,3C,1E,2,58
15,47,78,5,FF,0,0
1B,3,31,4A,38,48,43,45,38
2C,FF,FF,FF,FF,3,FF,FF
11D,0,1,0
1A7,FF,FF,0,3,0,0
40A,FD,C,BF,FF,FF,FF,FF,FF
2C0,FF,FF,FF,FF,FF,FF,FF,58
9C,0,0
2,FF,FF,FF,FF,FF,FF,FF,FF
14,17,7A,FF,FF,D,AC,FF
1A2,0,FA,0,0,0,0
0,63,0,0,0,0,0
3F8,6,38,0,FF,7B,0
2,FF,FF,FF,FF,FF,FF,FF,FF
6,0,22,14,3C,1E,2,58
15,47,77,5,FF,0,0
1B,3,31,4A,38,48,43,45,38
11D,0,1,0
1A7,FF,FF,0,3,0,0
40C,FD,11,BF,FF,FF,FF,FF,FF
2C0,FF,FF,FF,FF,FF,FF,FF,58
12,0,20,2,40,0,0
1B6,20,3,29,4,29,0,20
2,FF,FF,FF,FF,FF,FF,FF,FF
14,17,7A,FF,FF,D,AC,FF
411,FD,14,BF,FF,FF,FF,FF,FF
0,63,0,0,0,0,0
3F8,6,38,0,FF,7B,0
2,FF,FF,FF,FF,FF,FF,FF,FF
6,0,22,14,3C,1E,2,58
15,47,78,5,FF,0,0
1B,3,31,4A,38,48,43,45,38
11D,0,1,0
1A7,FF,FF,0,3,0,0
2C0,FF,FF,FF,FF,FF,FF,FF,58
2,FF,FF,FF,FF,FF,FF,FF,FF
14,17,7A,FF,FF,D,AC,FF
414,FD,15,3F,FF,FF,FF,FF,FF
0,63,0,0,0,0,0
3F8,6,38,0,FF,7B,0
2,FF,FF,FF,FF,FF,FF,FF,FF
6,0,22,14,3C,1E,2,58
15,46,78,5,FF,0,0
1B,3,31,4A,38,48,43,45,38
11D,0,1,0
1A7,FF,FF,0,3,0,0
2C0,FF,FF,FF,FF,FF,FF,FF,58
BA,0,0
1AA,1
2,FF,FF,FF,FF,FF,FF,FF,FF
13,88,0,0,5F,46
14,17,7A,FF,FF,D,AC,FF
2E,1F,0,0
D0,0,0
EC,0
159,3,FF,FF,FF,1,FF,0,3
210,3,0
415,FD,1B,3F,FF,FF,FF,FF,FF
0,63,0,0,0,0,0
3F8,6,38,0,FF,7B,0
2,FF,FF,FF,FF,FF,FF,FF,FF
6,0,22,14,3C,1E,2,58
15,46,78,5,FF,0,0
1B,3,31,4A,38,48,43,45,38
11D,0,1,0
1A7,FF,FF,0,3,0,0
2C0,FF,FF,FF,FF,FF,FF,FF,58
1C8,0
1F8,0
1B3,0,0,0,0,0,0
3A0,0,0
1B4,5,6A,7,0,0,0
1AC,4
2,FF,FF,FF,FF,FF,FF,FF,FF
14,17,7A,FF,FF,D,AC,FF
1B8,0
B8,2,0
41B,FD,1E,BF,FF,FF,FF,FF,FF
0,63,0,0,0,0,0
3F8,6,38,0,FF,7B,0
2,FF,FF,FF,FF,FF,FF,FF,FF
3,97,5,80,E0,50,FC,C
6,0,22,14,3C,1E,2,58
10,43,1,19,71,E3,E0,2A,3
11,FF,1F,0,B,8C,41,11,0
15,47,78,5,FF,0,0
1B,3,31,4A,38,48,43,45,38
2C,FF,FF,FF,FF,3,FF,FF
110,97,7E,26,80,83,0,55,0
11D,0,1,0
1A7,FF,FF,0,3,0,0
1AD,3,42,42,4,0,0
1AE,0,F0,0,0,0,0
1AF,3,A7,0,E0,95,BD,8,0
1B0,E,92,3,E8,A,A0,8,D9
1B5,1F,D,17,D1,0,0
2C0,FF,FF,FF,FF,FF,FF,FF,58
9C,0,0
1A5,3F,0,FF,FF,FF
2,FF,FF,FF,FF,FF,FF,FF,FF
14,17,7A,FF,FF,D,AC,FF
41E,FD,21,BF,FF,FF,FF,FF,FF
0,63,0,0,0,0,0
3F8,6,38,0,FF,7B,0
2,FF,FF,FF,FF,FF,FF,FF,FF
6,0,22,14,3C,1E,2,58
15,47,78,5,FF,0,0
1B,3,31,4A,38,48,43,45,38
11D,0,1,0
1A7,FF,FF,0,3,0,0
2C0,FF,FF,FF,FF,FF,FF,FF,58
2,FF,FF,FF,FF,FF,FF,FF,FF
14,17,7A,FF,FF,D,AC,FF
421,FD,3E,BF,FF,FF,FF,FF,FF
0,63,0,0,0,0,0
3F8,6,38,0,FF,7B,0
2,FF,FF,FF,FF,FF,FF,FF,FF
6,0,22,14,3C,1E,2,58
15,47,78,5,FF,0,0
1B,3,31,4A,38,48,43,45,38
11D,0,1,0
1A7,FF,FF,0,3,0,0
2C0,FF,FF,FF,FF,FF,FF,FF,58
2,FF,FF,FF,FF,FF,FF,FF,FF
14,17,7A,FF,FF,D,AC,FF
43E,FD,0,BF,FF,FF,FF,FF,FF
0,63,0,0,0,0,0
3F8,6,38,0,FF,7B,0
2,FF,FF,FF,FF,FF,FF,FF,FF
6,0,22,14,3C,1E,2,58
15,47,78,5,FF,0,0
1B,3,31,4A,38,48,43,45,38
11D,0,1,0
1A7,FF,FF,0,3,0,0
2C0,FF,FF,FF,FF,FF,FF,FF,58
2,FF,FF,FF,FF,FF,FF,FF,FF
1AA,1
13,88,0,0,5F,46
14,17,7A,FF,FF,D,AC,FF
210,3,0
400,FD,2,3F,FF,FF,FF,FF,FF
0,63,0,0,0,0,0
3F8,6,38,0,FF,7B,0
2,FF,FF,FF,FF,FF,FF,FF,FF
6,0,22,14,3C,1E,2,58
15,47,78,5,FF,0,0
1B,3,31,4A,38,48,43,45,38
11D,0,1,0
1A7,FF,FF,0,3,0,0
2C0,FF,FF,FF,FF,FF,FF,FF,58
1C8,0
3A0,0,0
1B4,5,6A,7,0,0,0
402,FD,8,3F,FF,FF,FF,FF,FF
2,FF,FF,FF,FF,FF,FF,FF,FF
14,17,7A,FF,FF,D,AC,FF
B8,2,0
0,63,0,0,0,0,0
3F8,6,38,0,FF,7B,0
2,FF,FF,FF,FF,FF,FF,FF,FF
3,97,5,80,E0,50,FC,C
6,0,22,14,3C,1E,2,58
15,47,78,5,FF,0,0
1B,3,31,4A,38,48,43,45,38
2C,FF,FF,FF,FF,3,FF,FF
11D,0,1,0
1A7,FF,FF,0,3,0,0
2C0,FF,FF,FF,FF,FF,FF,FF,58
9C,0,0
408,FD,A,BF,FF,FF,FF,FF,FF
2,FF,FF,FF,FF,FF,FF,FF,FF
14,17,7A,FF,FF,D,AC,FF
1A2,0,FA,0,0,0,0
0,63,0,0,0,0,0
3F8,6,38,0,FF,7B,0
2,FF,FF,FF,FF,FF,FF,FF,FF
6,0,22,14,3C,1E,2,58
15,47,78,5,FF,0,0
1B,3,31,4A,38,48,43,45,38
11D,0,1,0
1A7,FF,FF,0,3,0,0
2C0,FF,FF,FF,FF,FF,FF,FF,58
40A,FD,C,BF,FF,FF,FF,FF,FF
12,0,20,2,40,0,0
1B6,20,1,2B,2,28,0,20
2,FF,FF,FF,FF,FF,FF,FF,FF
14,17,7A,FF,FF,D,AC,FF
0,63,0,0,0,0,0
3F8,6,38,0,FF,7B,0
2,FF,FF,FF,FF,FF,FF,FF,FF
6,0,22,14,3C,1E,2,58
15,47,77,5,FF,0,0
1B,3,31,4A,38,48,43,45,38
11D,0,1,0
1A7,FF,FF,0,3,0,0
2C0,FF,FF,FF,FF,FF,FF,FF,58
40C,FD,11,BF,FF,FF,FF,FF,FF
2,FF,FF,FF,FF,FF,FF,FF,FF
14,17,7A,FF,FF,D,AC,FF
0,63,0,0,0,0,0
3F8,6,38,0,FF,7B,0
2,FF,FF,FF,FF,FF,FF,FF,FF
6,0,22,14,3C,1E,2,58
15,47,78,5,FF,0,0
1B,3,31,4A,38,48,43,45,38
11D,0,1,0
1A7,FF,FF,0,3,0,0
2C0,FF,FF,FF,FF,FF,FF,FF,58
411,FD,14,BF,FF,FF,FF,FF,FF
BA,0,0
2,FF,FF,FF,FF,FF,FF,FF,FF
1AA,1
13,88,0,0,5F,46
14,17,7A,FF,FF,D,AC,FF
2E,1F,0,0
D0,0,0
EC,0
159,3,FF,FF,FF,1,FF,0,3
210,3,0
0,63,0,0,0,0,0
3F8,6,38,0,FF,7B,0
2,FF,FF,FF,FF,FF,FF,FF,FF
6,0,22,14,3C,1E,2,58
15,47,78,5,FF,0,0
1B,3,31,4A,38,48,43,45,38
11D,0,1,0
1A7,FF,FF,0,3,0,0
414,FD,15,3F,FF,FF,FF,FF,FF
2C0,FF,FF,FF,FF,FF,FF,FF,58
1C8,0
3A0,0,0
1B4,5,6A,7,0,0,0
1AC,4
2,FF,FF,FF,FF,FF,FF,FF,FF
14,17,7A,FF,FF,D,AC,FF
1B8,0
B8,2,0
3F1,41,1
0,63,0,0,0,0,0
3F8,6,38,0,FF,7B,0
2,FF,FF,FF,FF,FF,FF,FF,FF
3,97,5,80,E0,50,FC,C
6,0,22,14,3C,1E,2,58
15,47,78,5,FF,0,0
1B,3,31,4A,38,48,43,45,38
2C,FF,FF,FF,FF,3,FF,FF
11D,0,1,0
1A5,3F,0,FF,FF,FF
1A7,FF,FF,0,3,0,0
1AE,0,F0,0,0,0,0
1B2,0,7,0,0,0,0
2C0,FF,FF,FF,FF,FF,FF,FF,58
415,FD,1B,3F,FF,FF,FF,FF,FF
9C,0,0
2,FF,FF,FF,FF,FF,FF,FF,FF
14,17,7A,FF,FF,D,AC,FF
0,63,0,0,0,0,0
3F8,6,38,0,FF,7B,0
2,FF,FF,FF,FF,FF,FF,FF,FF
6,0,22,14,3C,1E,2,58
15,47,78,5,FF,0,0
1B,3,31,4A,38,48,43,45,38
11D,0,1,0
1A7,FF,FF,0,3,0,0
2C0,FF,FF,FF,FF,FF,FF,FF,58
41B,FD,1E,BF,FF,FF,FF,FF,FF
2,FF,FF,FF,FF,FF,FF,FF,FF
14,17,7A,FF,FF,D,AC,FF
0,63,0,0,0,0,0
3F8,6,38,0,FF,7B,0
2,FF,FF,FF,FF,FF,FF,FF,FF
6,0,22,14,3C,1E,2,58
15,47,78,5,FF,0,0
1B,3,31,4A,38,48,43,45,38
11D,0,1,0
1A7,FF,FF,0,3,0,0
41E,FD,21,BF,FF,FF,FF,FF,FF
2C0,FF,FF,FF,FF,FF,FF,FF,58
2,FF,FF,FF,FF,FF,FF,FF,FF
14,17,7A,FF,FF,D,AC,FF
0,63,0,0,0,0,0
3F8,6,38,0,FF,7B,0
2,FF,FF,FF,FF,FF,FF,FF,FF
6,0,22,14,3C,1E,2,58
15,47,78,5,FF,0,0
1B,3,31,4A,38,48,43,45,38
11D,0,1,0
1A7,FF,FF,0,3,0,0
421,FD,3E,BF,FF,FF,FF,FF,FF
2C0,FF,FF,FF,FF,FF,FF,FF,58
2,FF,FF,FF,FF,FF,FF,FF,FF
1AA,1
13,88,0,0,5F,46
14,17,7A,FF,FF,D,AC,FF
210,3,0
0,63,0,0,0,0,0
3F8,6,38,0,FF,7B,0
2,FF,FF,FF,FF,FF,FF,FF,FF
6,0,22,14,3C,1E,2,58
15,47,78,5,FF,0,0
1B,3,31,4A,38,48,43,45,38
11D,0,1,0
1A7,FF,FF,0,3,0,0
43E,FD,0,BF,FF,FF,FF,FF,FF
2C0,FF,FF,FF,FF,FF,FF,FF,58
1C8,0
3A0,0,0
1B4,5,6A,7,0,0,0
2,FF,FF,FF,FF,FF,FF,FF,FF
14,17,7A,FF,FF,D,AC,FF
B8,2,0
0,63,0,0,0,0,0
3F8,6,38,0,FF,7B,0
2,FF,FF,FF,FF,FF,FF,FF,FF
3,97,5,80,E0,50,FC,C
6,0,22,14,3C,1E,2,58
15,47,78,5,FF,0,0
1B,3,31,4A,38,48,43,45,38
2C,FF,FF,FF,FF,3,FF,FF
11D,0,1,0
1A7,FF,FF,0,3,0,0
400,FD,2,3F,FF,FF,FF,FF,FF
2C0,FF,FF,FF,FF,FF,FF,FF,58
9C,0,0
2,FF,FF,FF,FF,FF,FF,FF,FF
14,17,7A,FF,FF,D,AC,FF
1A2,0,FA,0,0,0,0
0,63,0,0,0,0,0
3F8,6,38,0,FF,7B,0
2,FF,FF,FF,FF,FF,FF,FF,FF
6,0,22,14,3C,1E,2,58
15,47,78,5,FF,0,0
1B,3,31,4A,38,48,43,45,38
11D,0,1,0
1A7,FF,FF,0,3,0,0
2C0,FF,FF,FF,FF,FF,FF,FF,58
402,FD,8,3F,FF,FF,FF,FF,FF
12,0,20,2,40,0,0
1B6,20,3,29,4,29,0,20
2,FF,FF,FF,FF,FF,FF,FF,FF
14,17,7A,FF,FF,D,AC,FF
0,63,0,0,0,0,0
408,FD,A,BF,FF,FF,FF,FF,FF
3F8,6,38,0,FF,7B,0
2,FF,FF,FF,FF,FF,FF,FF,FF
6,0,22,14,3C,1E,2,58
15,47,78,5,FF,0,0
1B,3,31,4A,38,48,43,45,38
11D,0,1,0
1A7,FF,FF,0,3,0,0
2C0,FF,FF,FF,FF,FF,FF,FF,58
2,FF,FF,FF,FF,FF,FF,FF,FF
14,17,7A,FF,FF,D,AC,FF
40A,FD,C,BF,FF,FF,FF,FF,FF
0,63,0,0,0,0,0
3F8,6,38,0,FF,7B,0
2,FF,FF,FF,FF,FF,FF,FF,FF
6,0,22,14,3C,1E,2,58
15,47,78,5,FF,0,0
1B,3,31,4A,38,48,43,45,38
11D,0,1,0
1A7,FF,FF,0,3,0,0
2C0,FF,FF,FF,FF,FF,FF,FF,58
BA,0,0
2,FF,FF,FF,FF,FF,FF,FF,FF
13,88,0,0,5F,46
14,17,7A,FF,FF,D,AC,FF
2E,1F,0,0
D0,0,0
1AA,1
EC,0
159,3,FF,FF,FF,1,FF,0,3
210,3,0
40C,FD,11,BF,FF,FF,FF,FF,FF
0,63,0,0,0,0,0
3F8,6,38,0,FF,7B,0
2,FF,FF,FF,FF,FF,FF,FF,FF
6,0,22,14,3C,1E,2,58
15,47,78,5,FF,0,0
1B,3,31,4A,38,48,43,45,38
11D,0,1,0
1A7,FF,FF,0,3,0,0
2C0,FF,FF,FF,FF,FF,FF,FF,58
1C8,0
1F8,0
1B3,0,0,0,0,0,0
3A0,0,0
1B4,5,6A,7,0,0,0
1AC,4
2,FF,FF,FF,FF,FF,FF,FF,FF
14,17,7A,FF,FF,D,AC,FF
1B8,0
411,FD,14,BF,FF,FF,FF,FF,FF
B8,2,0
0,63,0,0,0,0,0
3F8,6,38,0,FF,7B,0
2,FF,FF,FF,FF,FF,FF,FF,FF
3,97,5,80,E0,50,FC,C
6,0,22,14,3C,1E,2,58
10,43,1,19,71,E3,E0,2A,3
11,FF,1F,0,B,8C,41,11,0
15,47,78,5,FF,0,0
1B,3,31,4A,38,48,43,45,38
2C,FF,FF,FF,FF,3,FF,FF
110,97,7E,26,80,83,0,55,0
11D,0,1,0
1A7,FF,FF,0,3,0,0
1AD,3,42,42,4,0,0
1AE,0,F0,0,0,0,0
1AF,3,A7,0,E0,95,BD,8,0
2C0,FF,FF,FF,FF,FF,FF,FF,58
1A5,3F,0,FF,FF,FF
9C,0,0
2,FF,FF,FF,FF,FF,FF,FF,FF
14,17,7A,FF,FF,D,AC,FF
414,FD,15,3F,FF,FF,FF,FF,FF
0,63,0,0,0,0,0
3F8,6,38,0,FF,7B,0
2,FF,FF,FF,FF,FF,FF,FF,FF
6,0,22,14,3C,1E,2,58
15,47,78,5,FF,0,0
1B,3,31,4A,38,48,43,45,38
11D,0,1,0
1A7,FF,FF,0,3,0,0
2C0,FF,FF,FF,FF,FF,FF,FF,58
2,FF,FF,FF,FF,FF,FF,FF,FF
14,17,7A,FF,FF,D,AC,FF
415,FD,1B,3F,FF,FF,FF,FF,FF
0,63,0,0,0,0,0
3F8,6,38,0,FF,7B,0
2,FF,FF,FF,FF,FF,FF,FF,FF
6,0,22,14,3C,1E,2,58
15,47,78,5,FF,0,0
1B,3,31,4A,38,48,43,45,38
11D,0,1,0
1A7,FF,FF,0,3,0,0
2C0,FF,FF,FF,FF,FF,FF,FF,58
2,FF,FF,FF,FF,FF,FF,FF,FF
14,17,7A,FF,FF,D,AC,FF
41B,FD,1E,BF,FF,FF,FF,FF,FF
0,63,0,0,0,0,0
3F8,6,38,0,FF,7B,0
2,FF,FF,FF,FF,FF,FF,FF,FF
6,0,22,14,3C,1E,2,58
15,47,78,5,FF,0,0
1B,3,31,4A,38,48,43,45,38
11D,0,1,0
1A7,FF,FF,0,3,0,0
2C0,FF,FF,FF,FF,FF,FF,FF,58
2,FF,FF,FF,FF,FF,FF,FF,FF
13,88,0,0,5F,46
14,17,7A,FF,FF,D,AC,FF
210,3,0
1AA,1
41E,FD,21,BF,FF,FF,FF,FF,FF
0,63,0,0,0,0,0
3F8,6,38,0,FF,7B,0
2,FF,FF,FF,FF,FF,FF,FF,FF
6,0,22,14,3C,1E,2,58
15,47,78,5,FF,0,0
1B,3,31,4A,38,48,43,45,38
11D,0,1,0
1A7,FF,FF,0,3,0,0
2C0,FF,FF,FF,FF,FF,FF,FF,58
1C8,0
3A0,0,0
1B4,5,6A,7,0,0,0
421,FD,3E,BF,FF,FF,FF,FF,FF
2,FF,FF,FF,FF,FF,FF,FF,FF
14,17,7A,FF,FF,D,AC,FF
B8,2,0
0,63,0,0,0,0,0
3F8,6,38,0,FF,7B,0
2,FF,FF,FF,FF,FF,FF,FF,FF
3,97,5,80,E0,50,FC,C
6,0,22,14,3C,1E,2,58
15,47,77,5,FF,0,0
1B,3,31,4A,38,48,43,45,38
2C,FF,FF,FF,FF,3,FF,FF
11D,0,1,0
1A7,FF,FF,0,3,0,0
3F1,41,1
2C0,FF,FF,FF,FF,FF,FF,FF,58
43E,FD,0,BF,FF,FF,FF,FF,FF
9C,0,0
2,FF,FF,FF,FF,FF,FF,FF,FF
14,17,7A,FF,FF,D,AC,FF
1A2,0,FA,0,0,0,0
0,63,0,0,0,0,0
3F8,6,38,0,FF,7B,0
2,FF,FF,FF,FF,FF,FF,FF,FF
6,0,22,14,3C,1E,2,58
15,47,78,5,FF,0,0
1B,3,31,4A,38,48,43,45,38
11D,0,1,0
1A7,FF,FF,0,3,0,0
2C0,FF,FF,FF,FF,FF,FF,FF,58
400,FD,2,3F,FF,FF,FF,FF,FF
12,0,20,2,40,0,0
1B6,20,1,2B,2,28,0,20
2,FF,FF,FF,FF,FF,FF,FF,FF
14,17,7A,FF,FF,D,AC,FF
0,63,0,0,0,0,0
3F8,6,38,0,FF,7B,0
2,FF,FF,FF,FF,FF,FF,FF,FF
6,0,22,14,3C,1E,2,58
15,47,78,5,FF,0,0
1B,3,31,4A,38,48,43,45,38
11D,0,1,0
1A7,FF,FF,0,3,0,0
2C0,FF,FF,FF,FF,FF,FF,FF,58
402,FD,8,3F,FF,FF,FF,FF,FF
2,FF,FF,FF,FF,FF,FF,FF,FF
14,17,7A,FF,FF,D,AC,FF
0,63,0,0,0,0,0
3F8,6,38,0,FF,7B,0
2,FF,FF,FF,FF,FF,FF,FF,FF
6,0,22,14,3C,1E,2,58
15,47,78,5,FF,0,0
1B,3,31,4A,38,48,43,45,38
11D,0,1,0
1A7,FF,FF,0,3,0,0
2C0,FF,FF,FF,FF,FF,FF,FF,58
408,FD,A,BF,FF,FF,FF,FF,FF
BA,0,0
2,FF,FF,FF,FF,FF,FF,FF,FF
13,88,0,0,5F,46
14,17,7A,FF,FF,D,AC,FF
2E,1F,0,0
D0,0,0
EC,0
159,3,FF,FF,FF,1,FF,0,3
1AA,1
210,3,0
0,63,0,0,0,0,0
3F8,6,38,0,FF,7B,0
2,FF,FF,FF,FF,FF,FF,FF,FF
6,0,22,14,3C,1E,2,58
15,47,78,5,FF,0,0
40A,FD,C,BF,FF,FF,FF,FF,FF
1B,3,31,4A,38,48,43,45,38
11D,0,1,0
1A7,FF,FF,0,3,0,0
2C0,FF,FF,FF,FF,FF,FF,FF,58
1C8,0
3A0,0,0
1B4,5,6A,7,0,0,0
1AC,4
2,FF,FF,FF,FF,FF,FF,FF,FF
14,17,7A,FF,FF,D,AC,FF
1B8,0
B8,2,0
0,63,0,0,0,0,0
40C,FD,11,BF,FF,FF,FF,FF,FF
3F8,6,38,0,FF,7B,0
2,FF,FF,FF,FF,FF,FF,FF,FF
3,97,5,80,E0,50,FC,C
6,0,22,14,3C,1E,2,58
15,47,78,5,FF,0,0
1B,3,31,4A,38,48,43,45,38
2C,FF,FF,FF,FF,3,FF,FF
11D,0,1,0
1A5,3F,0,FF,FF,FF
1A7,FF,FF,0,3,0,0
1AE,0,F0,0,0,0,0
1B2,0,7,0,0,0,0
2C0,FF,FF,FF,FF,FF,FF,FF,58
2,FF,FF,FF,FF,FF,FF,FF,FF
9C,0,0
14,17,7A,FF,FF,D,AC,FF
411,FD,14,BF,FF,FF,FF,FF,FF
0,63,0,0,0,0,0
3F8,6,38,0,FF,7B,0
2,FF,FF,FF,FF,FF,FF,FF,FF
6,0,22,14,3C,1E,2,58
15,47,78,5,FF,0,0
1B,3,31,4A,38,48,43,45,38
11D,0,1,0
1A7,FF,FF,0,3,0,0
2C0,FF,FF,FF,FF,FF,FF,FF,58
2,FF,FF,FF,FF,FF,FF,FF,FF
14,17,7A,FF,FF,D,AC,FF
414,FD,15,3F,FF,FF,FF,FF,FF
0,63,0,0,0,0,0
3F8,6,38,0,FF,7B,0
2,FF,FF,FF,FF,FF,FF,FF,FF
6,0,22,14,3C,1E,2,58
15,47,78,5,FF,0,0
1B,3,31,4A,38,48,43,45,38
11D,0,1,0
1A7,FF,FF,0,3,0,0
2C0,FF,FF,FF,FF,FF,FF,FF,58
2,FF,FF,FF,FF,FF,FF,FF,FF
14,17,7A,FF,FF,D,AC,FF
415,FD,1B,3F,FF,FF,FF,FF,FF
0,63,0,0,0,0,0
3F8,6,38,0,FF,7B,0
2,FF,FF,FF,FF,FF,FF,FF,FF
6,0,22,14,3C,1E,2,58
15,47,77,5,FF,0,0
1B,3,31,4A,38,48,43,45,38
11D,0,1,0
1A7,FF,FF,0,3,0,0
2C0,FF,FF,FF,FF,FF,FF,FF,58
2,FF,FF,FF,FF,FF,FF,FF,FF
13,88,0,0,5F,46
14,17,7A,FF,FF,D,AC,FF
210,3,0
1AA,1
41B,FD,1E,BF,FF,FF,FF,FF,FF
0,63,0,0,0,0,0
3F8,6,38,0,FF,7B,0
2,FF,FF,FF,FF,FF,FF,FF,FF
6,0,22,14,3C,1E,2,58
15,47,78,5,FF,0,0
1B,3,31,4A,38,48,43,45,38
11D,0,1,0
1A7,FF,FF,0,3,0,0
2C0,FF,FF,FF,FF,FF,FF,FF,58
1C8,0
3A0,0,0
1B4,5,6A,7,0,0,0
2,FF,FF,FF,FF,FF,FF,FF,FF
14,17,7A,FF,FF,D,AC,FF
41E,FD,21,BF,FF,FF,FF,FF,FF
B8,2,0
0,63,0,0,0,0,0
3F8,6,38,0,FF,7B,0
2,FF,FF,FF,FF,FF,FF,FF,FF
3,97,5,80,E0,50,FC,C
6,0,22,14,3C,1E,2,58
15,47,78,5,FF,0,0
1B,3,31,4A,38,48,43,45,38
2C,FF,FF,FF,FF,3,FF,FF
11D,0,1,0
1A7,FF,FF,0,3,0,0
2C0,FF,FF,FF,FF,FF,FF,FF,58
2,FF,FF,FF,FF,FF,FF,FF,FF
14,17,7A,FF,FF,D,AC,FF
9C,0,0
1A2,0,FA,0,0,0,0
421,FD,3E,BF,FF,FF,FF,FF,FF
0,63,0,0,0,0,0
3F8,6,38,0,FF,7B,0
2,FF,FF,FF,FF,FF,FF,FF,FF
6,0,22,14,3C,1E,2,58
15,47,78,5,FF,0,0
1B,3,31,4A,38,48,43,45,38
11D,0,1,0
1A7,FF,FF,0,3,0,0
2C0,FF,FF,FF,FF,FF,FF,FF,58
12,0,20,2,40,0,0
1B6,20,3,29,4,29,0,20
2,FF,FF,FF,FF,FF,FF,FF,FF
14,17,7A,FF,FF,D,AC,FF
43E,FD,0,BF,FF,FF,FF,FF,FF
0,63,0,0,0,0,0
3F8,6,38,0,FF,7B,0
2,FF,FF,FF,FF,FF,FF,FF,FF
6,0,22,14,3C,1E,2,58
15,47,78,5,FF,0,0
1B,3,31,4A,38,48,43,45,38
11D,0,1,0
1A7,FF,FF,0,3,0,0
2C0,FF,FF,FF,FF,FF,FF,FF,58
2,FF,FF,FF,FF,FF,FF,FF,FF
14,17,7A,FF,FF,D,AC,FF
400,FD,2,3F,FF,FF,FF,FF,FF
0,63,0,0,0,0,0
3F8,6,38,0,FF,7B,0
2,FF,FF,FF,FF,FF,FF,FF,FF
6,0,22,14,3C,1E,2,58
15,47,78,5,FF,0,0
1B,3,31,4A,38,48,43,45,38
11D,0,1,0
1A7,FF,FF,0,3,0,0
2C0,FF,FF,FF,FF,FF,FF,FF,58
BA,0,0
402,FD,8,3F,FF,FF,FF,FF,FF
2,FF,FF,FF,FF,FF,FF,FF,FF
13,88,0,0,5F,46
14,17,7A,FF,FF,D,AC,FF
2E,1F,0,0
D0,0,0
EC,0
159,3,FF,FF,FF,1,FF,0,3
210,3,0
1AA,1
0,63,0,0,0,0,0
3F8,6,38,0,FF,7B,0
2,FF,FF,FF,FF,FF,FF,FF,FF
6,0,22,14,3C,1E,2,58
15,47,78,5,FF,0,0
1B,3,31,4A,38,48,43,45,38
11D,0,1,0
1A7,FF,FF,0,3,0,0
2C0,FF,FF,FF,FF,FF,FF,FF,58
1C8,0
1F8,0
1B3,0,0,0,0,0,0
408,FD,A,BF,FF,FF,FF,FF,FF
3A0,0,0
1B4,5,6A,7,0,0,0
1AC,4
2,FF,FF,FF,FF,FF,FF,FF,FF
14,17,7A,FF,FF,D,AC,FF
1B8,0
B8,2,0
0,63,0,0,0,0,0
3F8,6,38,0,FF,7B,0
2,FF,FF,FF,FF,FF,FF,FF,FF
3,97,5,80,E0,50,FC,C
6,0,22,14,3C,1E,2,58
10,43,1,19,71,E3,E0,2A,3
11,FF,1F,0,B,8C,41,11,0
15,47,78,5,FF,0,0
1B,3,31,4A,38,48,43,45,38
2C,FF,FF,FF,FF,3,FF,FF
110,97,7E,26,80,83,0,55,0
11D,0,1,0
3F1,41,1
1A7,FF,FF,0,3,0,0
1AD,3,42,42,4,0,0
1AE,0,F0,0,0,0,0
1AF,3,A7,0,E0,95,BD,8,0
1B0,E,92,3,E8,A,A0,8,D9
40A,FD,C,BF,FF,FF,FF,FF,FF
2C0,FF,FF,FF,FF,FF,FF,FF,58
1A5,3F,0,FF,FF,FF
2,FF,FF,FF,FF,FF,FF,FF,FF
14,17,7A,FF,FF,D,AC,FF
9C,0,0
0,63,0,0,0,0,0
3F8,6,38,0,FF,7B,0
2,FF,FF,FF,FF,FF,FF,FF,FF
6,0,22,14,3C,1E,2,58
15,47,78,5,FF,0,0
1B,3,31,4A,38,48,43,45,38
11D,0,1,0
1A7,FF,FF,0,3,0,0
2C0,FF,FF,FF,FF,FF,FF,FF,58
40C,FD,11,BF,FF,FF,FF,FF,FF
2,FF,FF,FF,FF,FF,FF,FF,FF
14,17,7A,FF,FF,D,AC,FF
0,63,0,0,0,0,0
3F8,6,38,0,FF,7B,0
2,FF,FF,FF,FF,FF,FF,FF,FF
6,0,22,14,3C,1E,2,58
15,47,78,5,FF,0,0
1B,3,31,4A,38,48,43,45,38
11D,0,1,0
1A7,FF,FF,0,3,0,0
2C0,FF,FF,FF,FF,FF,FF,FF,58
411,FD,14,BF,FF,FF,FF,FF,FF
2,FF,FF,FF,FF,FF,FF,FF,FF
14,17,7A,FF,FF,D,AC,FF
0,63,0,0,0,0,0
3F8,6,38,0,FF,7B,0
2,FF,FF,FF,FF,FF,FF,FF,FF
6,0,22,14,3C,1E,2,58
15,47,77,5,FF,0,0
1B,3,31,4A,38,48,43,45,38
11D,0,1,0
1A7,FF,FF,0,3,0,0
414,FD,15,3F,FF,FF,FF,FF,FF
2C0,FF,FF,FF,FF,FF,FF,FF,58
2,FF,FF,FF,FF,FF,FF,FF,FF
13,88,0,0,5F,46
14,17,7A,FF,FF,D,AC,FF
210,3,0
1AA,1
0,63,0,0,0,0,0
3F8,6,38,0,FF,7B,0
2,FF,FF,FF,FF,FF,FF,FF,FF
6,0,22,14,3C,1E,2,58
15,47,78,5,FF,0,0
1B,3,31,4A,38,48,43,45,38
11D,0,1,0
1A7,FF,FF,0,3,0,0
415,FD,1B,3F,FF,FF,FF,FF,FF
2C0,FF,FF,FF,FF,FF,FF,FF,58
1C8,0
3A0,0,0
1B4,5,6A,7,0,0,0
2,FF,FF,FF,FF,FF,FF,FF,FF
14,17,7A,FF,FF,D,AC,FF
B8,2,0
0,63,0,0,0,0,0
3F8,6,38,0,FF,7B,0
2,FF,FF,FF,FF,FF,FF,FF,FF
3,97,5,80,E0,50,FC,C
6,0,22,14,3C,1E,2,58
15,47,78,5,FF,0,0
1B,3,31,4A,38,48,43,45,38
2C,FF,FF,FF,FF,3,FF,FF
11D,0,1,0
1A7,FF,FF,0,3,0,0
41B,FD,1E,BF,FF,FF,FF,FF,FF
2C0,FF,FF,FF,FF,FF,FF,FF,58
2,FF,FF,FF,FF,FF,FF,FF,FF
14,17,7A,FF,FF,D,AC,FF
1A2,0,FA,0,0,0,0
9C,0,0
0,63,0,0,0,0,0
3F8,6,38,0,FF,7B,0
2,FF,FF,FF,FF,FF,FF,FF,FF
6,0,22,14,3C,1E,2,58
15,47,78,5,FF,0,0
1B,3,31,4A,38,48,43,45,38
11D,0,1,0
1A7,FF,FF,0,3,0,0
41E,FD,21,BF,FF,FF,FF,FF,FF
2C0,FF,FF,FF,FF,FF,FF,FF,58
12,0,20,2,40,0,0
1B6,20,1,2B,2,28,0,20
2,FF,FF,FF,FF,FF,FF,FF,FF
14,17,7A,FF,FF,D,AC,FF
0,63,0,0,0,0,0
421,FD,3E,BF,FF,FF,FF,FF,FF
3F8,6,38,0,FF,7B,0
2,FF,FF,FF,FF,FF,FF,FF,FF
6,0,22,14,3C,1E,2,58
15,47,78,5,FF,0,0
1B,3,31,4A,38,48,43,45,38
11D,0,1,0
1A7,FF,FF,0,3,0,0
2C0,FF,FF,FF,FF,FF,FF,FF,58
2,FF,FF,FF,FF,FF,FF,FF,FF
14,17,7A,FF,FF,D,AC,FF
43E,FD,0,BF,FF,FF,FF,FF,FF
0,63,0,0,0,0,0
3F8,6,38,0,FF,7B,0
2,FF,FF,FF,FF,FF,FF,FF,FF
6,0,22,14,3C,1E,2,58
15,47,78,5,FF,0,0
1B,3,31,4A,38,48,43,45,38
11D,0,1,0
1A7,FF,FF,0,3,0,0
2C0,FF,FF,FF,FF,FF,FF,FF,58
BA,0,0
2,FF,FF,FF,FF,FF,FF,FF,FF
13,88,0,0,5F,46
14,17,7A,FF,FF,D,AC,FF
2E,1F,0,0
D0,0,0
EC,0
159,3,FF,FF,FF,1,FF,0,3
210,3,0
1AA,1
400,FD,2,3F,FF,FF,FF,FF,FF
0,63,0,0,0,0,0
3F8,6,38,0,
