415,FE,15,3F,FF,FF,FF,FF,FF
414,FE,14,3F,FF,FF,FF,FF,FF
400,FE,0,3F,FF,FF,FF,FF,FF
1C8,0
416,FE,16,3F,FF,FF,FF,FF,FF
1F8,0
0,0,0,0,0,0,0
13,8,0,0,5F,46
12,0,0,0,40,0,0
14,FF,FF,FF,FF,FF,FF,FF
2E,1E,0,0
D0,0,0
1A2,0,FA,0,0,0,0
EC,0
11D,0,0,0
159,FF,FF,FF,FF,1,FF,F,FF
1B6,20,1,29,2,28,0,20
210,0,FF
411,FE,11,3F,FF,FF,FF,FF,FF
3A0,0,0
408,FE,8,3F,FF,FF,FF,FF,FF
40A,FE,A,3F,FF,FF,FF,FF,FF
1B4,5,70,7,0,0,0
BA,0,0
1B8,0
41B,FE,1B,3F,FF,FF,FF,FF,FF
1C8,0
2E,3,0,0
210,1,0
41E,FE,1E,3F,FF,FF,FF,FF,FF
0,1,0,0,0,0,0
9C,0,0
1AC,5
1B3,0,0,0,0,0,0
402,FE,2,3F,FF,FF,FF,FF,FF
6,0,0,14,3C,1E,2,58
9F,7,10,0,1,FF,FF,FF,1
1F8,0
370,1,0,0,0,0,0
2,FF,FF,FF,FF,FF,FF,FF,FF
3,0,0,7,3,FF,FF,C
10,43,1,19,71,E3,E0,2A,3
11,FF,1F,0,B,8C,41,11,0
15,57,79,6,FF,0,0
1B,3,0,0,0,0,0,0,0
2C,FF,FF,FF,FF,0,FF,FF
BA,1,0
110,97,7E,26,80,83,0,55,0
1A5,20,0,FF,FF,FF
1AD,3,42,42,4,0,0
1AE,0,F0,0,0,0,0
1B4,5,70,7,0,0,0
1AF,3,A7,0,E0,95,BD,8,0
1BB,0,0,0,0,0,0
394,7,0,0,0,0,0
1B2,0,7,0,0,0,0
9F,7,10,0,1,FF,FF,FF,11
1AB,2,0,0,0,0,0
3D0,0,A,A,A,A,A,FF
2C0,FF,FF,FF,FF,FF,FF,FF,0
40C,FE,C,3F,FF,FF,FF,FF,FF
416,FD,1B,3F,FF,FF,FF,FF,FF
9F,7,10,0,1,FF,FF,FF,11
1A7,FF,FF,0,0,0,0
B8,2,0
0,1,0,0,0,0,0
43E,FE,3E,3F,FF,FF,FF,FF,FF
14,17,7E,1,FF,10,9A,FF
3F1,DF,0
11D,0,0,0
370,0,0,0,0,0,0
6,0,1,14,3C,1E,2,58
2,FF,FF,FF,FF,FF,FF,FF,FF
3,0,0,7,0,FF,FF,C
6,0,0,14,3C,1E,2,58
400,FD,8,3F,FF,FF,FF,FF,FF
402,FE,C,3F,FF,FF,FF,FF,FF
3F8,0,38,0,FF,7B,0
2,FF,FF,FF,FF,FF,FF,FF,FF
6,0,0,14,3C,1E,2,58
15,57,79,6,FF,0,0
1B,3,0,0,0,0,0,0,0
1A7,FF,FF,0,0,0,0
2C0,FF,FF,FF,FF,FF,FF,FF,0
0,1,0,0,0,0,0
14,17,7E,1,FF,10,9A,FF
11D,0,0,0
12,0,20,2,40,5F,46
2,FF,FF,FF,FF,FF,FF,FF,FF
3F1,DF,1
408,FD,A,3F,FF,FF,FF,FF,FF
3F8,0,38,0,FF,7B,0
2,FF,FF,FF,FF,FF,FF,FF,FF
6,0,0,14,3C,1E,2,58
15,58,79,6,FF,0,0
1B,3,0,0,0,0,0,0,0
1A7,FF,FF,0,0,0,0
2C0,FF,FF,FF,FF,FF,FF,FF,0
0,1,0,0,0,0,0
14,17,7E,1,FF,10,9A,FF
11D,0,0,0
2,FF,FF,FF,FF,FF,FF,FF,FF
40A,FD,C,3F,FF,FF,FF,FF,FF
3F8,0,38,0,FF,7B,0
2,FF,FF,FF,FF,FF,FF,FF,FF
6,0,0,14,3C,1E,2,58
15,58,79,6,FF,0,0
1B,3,0,0,0,0,0,0,0
1A7,FF,FF,0,0,0,0
2C0,FF,FF,FF,FF,FF,FF,FF,0
0,1,0,0,0,0,0
14,17,7E,1,FF,10,9A,FF
11D,0,0,0
9F,7,10,0,1,FF,FF,FF,11
1AB,2,0,0,0,0,0
1BB,0,0,0,0,0,0
2,FF,FF,FF,FF,FF,FF,FF,FF
394,7,0,0,0,0,0
3D0,0,A,A,A,A,A,FF
40C,FD,16,3F,FF,FF,FF,FF,FF
415,FE,16,3F,FF,FF,FF,FF,FF
414,FE,16,3F,FF,FF,FF,FF,FF
411,FE,14,3F,FF,FF,FF,FF,FF
12,0,20,2,40,5F,46
1B6,20,3,29,4,29,0,20
3F8,0,38,0,FF,7B,0
2,FF,FF,FF,FF,FF,FF,FF,FF
6,0,0,14,3C,1E,2,58
15,57,79,6,FF,0,0
1B,3,0,0,0,0,0,0,0
1A7,FF,FF,0,0,0,0
2C0,FF,FF,FF,FF,FF,FF,FF,0
0,1,0,0,0,0,0
13,8,0,0,5F,46
14,17,7E,1,FF,10,9A,FF
210,1,0
11D,0,0,0
1C8,0
3A0,0,0
9C,0,0
2,FF,FF,FF,FF,FF,FF,FF,FF
1B4,5,70,7,0,0,0
416,FD,1B,3F,FF,FF,FF,FF,FF
3F8,0,38,0,FF,7B,0
2,FF,FF,FF,FF,FF,FF,FF,FF
3,0,0,7,0,FF,FF,C
6,0,0,14,3C,1E,2,58
15,57,79,6,FF,0,0
1B,3,0,0,0,0,0,0,0
2C,FF,FF,FF,FF,0,FF,FF
1A7,FF,FF,0,0,0,0
2C0,FF,FF,FF,FF,FF,FF,FF,0
B8,2,0
0,1,0,0,0,0,0
14,17,7E,1,FF,10,9A,FF
11D,0,0,0
2,FF,FF,FF,FF,FF,FF,FF,FF
41B,FD,1E,3F,FF,FF,FF,FF,FF
3F8,0,38,0,FF,7B,0
2,FF,FF,FF,FF,FF,FF,FF,FF
6,0,0,14,3C,1E,2,58
15,57,79,6,FF,0,0
1B,3,0,0,0,0,0,0,0
1A7,FF,FF,0,0,0,0
2C0,FF,FF,FF,FF,FF,FF,FF,0
1A2,0,FA,0,0,0,0
0,1,0,0,0,0,0
14,17,7E,1,FF,10,9A,FF
11D,0,0,0
2,FF,FF,FF,FF,FF,FF,FF,FF
41E,FD,3E,3F,FF,FF,FF,FF,FF
3F1,41,1
3F8,0,38,0,FF,7B,0
2,FF,FF,FF,FF,FF,FF,FF,FF
6,0,0,14,3C,1E,2,58
15,57,79,6,FF,0,0
1B,3,0,0,0,0,0,0,0
1A7,FF,FF,0,0,0,0
2C0,FF,FF,FF,FF,FF,FF,FF,0
0,1,0,0,0,0,0
14,17,7E,1,FF,10,9A,FF
11D,0,0,0
43E,FD,0,3F,FF,FF,FF,FF,FF
2,FF,FF,FF,FF,FF,FF,FF,FF
3F8,0,38,0,FF,7B,0
2,FF,FF,FF,FF,FF,FF,FF,FF
6,0,0,14,3C,1E,2,58
15,57,79,6,FF,0,0
1B,3,0,0,0,0,0,0,0
1A7,FF,FF,0,0,0,0
2C0,FF,FF,FF,FF,FF,FF,FF,0
0,1,0,0,0,0,0
14,17,7E,1,FF,10,9A,FF
11D,0,0,0
400,FD,2,3F,FF,FF,FF,FF,FF
2,FF,FF,FF,FF,FF,FF,FF,FF
3F8,0,38,0,FF,7B,0
2,FF,FF,FF,FF,FF,FF,FF,FF
6,0,0,14,3C,1E,2,58
15,57,79,6,FF,0,0
1B,3,0,0,0,0,0,0,0
1A7,FF,FF,0,0,0,0
2C0,FF,FF,FF,FF,FF,FF,FF,0
0,1,0,0,0,0,0
13,8,0,0,5F,46
14,17,7E,1,FF,10,9A,FF
2E,3,0,0
D0,0,0
EC,0
159,10,FF,FF,FF,1,FF,0,10
210,1,0
11D,0,0,0
402,FD,8,3F,FF,FF,FF,FF,FF
1C8,0
3A0,0,0
BA,1,0
1B8,0
2,FF,FF,FF,FF,FF,FF,FF,FF
9C,0,0
1B4,5,70,7,0,0,0
1AC,5
3F8,0,38,0,FF,7B,0
2,FF,FF,FF,FF,FF,FF,FF,FF
3,0,0,7,0,FF,FF,C
6,0,0,14,3C,1E,2,58
15,57,79,6,FF,0,0
1B,3,0,0,0,0,0,0,0
2C,FF,FF,FF,FF,0,FF,FF
1A5,20,0,FF,FF,FF
1A7,FF,FF,0,0,0,0
1AE,0,F0,0,0,0,0
B8,2,0
1B2,0,7,0,0,0,0
0,1,0,0,0,0,0
2C0,FF,FF,FF,FF,FF,FF,FF,0
14,17,7E,1,FF,10,9A,FF
11D,0,0,0
408,FD,A,3F,FF,FF,FF,FF,FF
2,FF,FF,FF,FF,FF,FF,FF,FF
3F8,0,38,0,FF,7B,0
2,FF,FF,FF,FF,FF,FF,FF,FF
6,0,0,14,3C,1E,2,58
15,57,79,6,FF,0,0
1B,3,0,0,0,0,0,0,0
1A7,FF,FF,0,0,0,0
2C0,FF,FF,FF,FF,FF,FF,FF,0
0,1,0,0,0,0,0
14,17,7E,1,FF,10,9A,FF
11D,0,0,0
40A,FD,C,3F,FF,FF,FF,FF,FF
2,FF,FF,FF,FF,FF,FF,FF,FF
3F8,0,38,0,FF,7B,0
2,FF,FF,FF,FF,FF,FF,FF,FF
6,0,0,14,3C,1E,2,58
15,57,79,6,FF,0,0
1B,3,0,0,0,0,0,0,0
1A7,FF,FF,0,0,0,0
2C0,FF,FF,FF,FF,FF,FF,FF,0
0,1,0,0,0,0,0
14,17,7E,1,FF,10,9A,FF
40C,FD,11,3F,FF,FF,FF,FF,FF
11D,0,0,0
2,FF,FF,FF,FF,FF,FF,FF,FF
3F8,0,38,0,FF,7B,0
2,FF,FF,FF,FF,FF,FF,FF,FF
6,0,0,14,3C,1E,2,58
15,57,79,6,FF,0,0
1B,3,0,0,0,0,0,0,0
1A7,FF,FF,0,0,0,0
2C0,FF,FF,FF,FF,FF,FF,FF,0
411,FD,14,3F,FF,FF,FF,FF,FF
0,1,0,0,0,0,0
14,17,7E,1,FF,10,9A,FF
11D,0,0,0
9F,7,10,0,1,FF,FF,FF,11
1BB,0,0,0,0,0,0
394,7,0,0,0,0,0
2,FF,FF,FF,FF,FF,FF,FF,FF
3D0,0,A,A,A,A,A,FF
12,0,20,2,40,5F,46
1B6,20,1,29,2,28,0,20
3F8,0,38,0,FF,7B,0
2,FF,FF,FF,FF,FF,FF,FF,FF
6,0,0,14,3C,1E,2,58
15,57,79,6,FF,0,0
1B,3,0,0,0,0,0,0,0
1A7,FF,FF,0,0,0,0
414,FD,15,3F,FF,FF,FF,FF,FF
2C0,FF,FF,FF,FF,FF,FF,FF,0
0,1,0,0,0,0,0
13,8,0,0,5F,46
14,17,7E,1,FF,10,9A,FF
210,1,0
11D,0,0,0
1C8,0
3A0,0,0
2,FF,FF,FF,FF,FF,FF,FF,FF
1B4,5,70,7,0,0,0
9C,0,0
3F8,0,38,0,FF,7B,0
2,FF,FF,FF,FF,FF,FF,FF,FF
3,0,0,7,0,FF,FF,C
6,0,0,14,3C,1E,2,58
15,57,79,6,FF,0,0
1B,3,0,0,0,0,0,0,0
2C,FF,FF,FF,FF,0,FF,FF
1A7,FF,FF,0,0,0,0
415,FD,16,3F,FF,FF,FF,FF,FF
B8,2,0
2C0,FF,FF,FF,FF,FF,FF,FF,0
0,1,0,0,0,0,0
14,17,7E,1,FF,10,9A,FF
11D,0,0,0
2,FF,FF,FF,FF,FF,FF,FF,FF
3F8,0,38,0,FF,7B,0
2,FF,FF,FF,FF,FF,FF,FF,FF
6,0,0,14,3C,1E,2,58
15,57,79,6,FF,0,0
1B,3,0,0,0,0,0,0,0
1A7,FF,FF,0,0,0,0
416,FD,1B,3F,FF,FF,FF,FF,FF
2C0,FF,FF,FF,FF,FF,FF,FF,0
1A2,0,FA,0,0,0,0
0,1,0,0,0,0,0
14,17,7E,1,FF,10,9A,FF
11D,0,0,0
2,FF,FF,FF,FF,FF,FF,FF,FF
3F8,0,38,0,FF,7B,0
2,FF,FF,FF,FF,FF,FF,FF,FF
6,0,0,14,3C,1E,2,58
15,57,79,6,FF,0,0
1B,3,0,0,0,0,0,0,0
1A7,FF,FF,0,0,0,0
2C0,FF,FF,FF,FF,FF,FF,FF,0
41B,FD,1E,3F,FF,FF,FF,FF,FF
0,1,0,0,0,0,0
14,17,7E,1,FF,10,9A,FF
11D,0,0,0
3F1,41,1
2,FF,FF,FF,FF,FF,FF,FF,FF
41E,FD,3E,3F,FF,FF,FF,FF,FF
3F8,0,38,0,FF,7B,0
2,FF,FF,FF,FF,FF,FF,FF,FF
6,0,0,14,3C,1E,2,58
15,57,79,6,FF,0,0
1B,3,0,0,0,0,0,0,0
1A7,FF,FF,0,0,0,0
2C0,FF,FF,FF,FF,FF,FF,FF,0
0,1,0,0,0,0,0
14,17,7E,1,FF,10,9A,FF
11D,0,0,0
2,FF,FF,FF,FF,FF,FF,FF,FF
43E,FD,0,3F,FF,FF,FF,FF,FF
3F8,0,38,0,FF,7B,0
2,FF,FF,FF,FF,FF,FF,FF,FF
6,0,0,14,3C,1E,2,58
15,57,79,6,FF,0,0
1B,3,0,0,0,0,0,0,0
1A7,FF,FF,0,0,0,0
2C0,FF,FF,FF,FF,FF,FF,FF,0
0,1,0,0,0,0,0
13,8,0,0,5F,46
14,17,7E,1,FF,10,9A,FF
2E,3,0,0
D0,0,0
EC,0
159,10,FF,FF,FF,1,FF,0,10
210,1,0
11D,0,0,0
1C8,0
1F8,0
BA,1,0
1B8,0
2,FF,FF,FF,FF,FF,FF,FF,FF
3A0,0,0
1B3,0,0,0,0,0,0
9C,0,0
1AC,5
1B4,5,70,7,0,0,0
400,FD,2,3F,FF,FF,FF,FF,FF
3F8,0,38,0,FF,7B,0
2,FF,FF,FF,FF,FF,FF,FF,FF
3,0,0,7,0,FF,FF,C
6,0,0,14,3C,1E,2,58
10,43,1,19,71,E3,E0,2A,3
11,FF,1F,0,B,8C,41,11,0
15,57,79,6,FF,0,0
1B,3,0,0,0,0,0,0,0
2C,FF,FF,FF,FF,0,FF,FF
B8,2,0
110,97,7E,26,80,83,0,55,0
1A5,20,0,FF,FF,FF
0,1,0,0,0,0,0
14,17,7E,1,FF,10,9A,FF
1A7,FF,FF,0,0,0,0
1AE,0,F0,0,0,0,0
1AF,3,A7,0,E0,95,BD,8,0
1B2,0,7,0,0,0,0
2C0,FF,FF,FF,FF,FF,FF,FF,0
11D,0,0,0
1AD,3,42,42,4,0,0
2,FF,FF,FF,FF,FF,FF,FF,FF
402,FD,8,3F,FF,FF,FF,FF,FF
3F8,0,38,0,FF,7B,0
2,FF,FF,FF,FF,FF,FF,FF,FF
6,0,0,14,3C,1E,2,58
15,57,79,6,FF,0,0
1B,3,0,0,0,0,0,0,0
1A7,FF,FF,0,0,0,0
2C0,FF,FF,FF,FF,FF,FF,FF,0
0,1,0,0,0,0,0
14,17,7E,1,FF,10,9A,FF
11D,0,0,0
2,FF,FF,FF,FF,FF,FF,FF,FF
408,FD,A,3F,FF,FF,FF,FF,FF
3F8,0,38,0,FF,7B,0
2,FF,FF,FF,FF,FF,FF,FF,FF
6,0,0,14,3C,1E,2,58
15,57,79,6,FF,0,0
1B,3,0,0,0,0,0,0,0
1A7,FF,FF,0,0,0,0
2C0,FF,FF,FF,FF,FF,FF,FF,0
0,1,0,0,0,0,0
14,17,7E,1,FF,10,9A,FF
11D,0,0,0
2,FF,FF,FF,FF,FF,FF,FF,FF
40A,FD,C,3F,FF,FF,FF,FF,FF
3F8,0,38,0,FF,7B,0
2,FF,FF,FF,FF,FF,FF,FF,FF
6,0,0,14,3C,1E,2,58
15,57,79,6,FF,0,0
1B,3,0,0,0,0,0,0,0
1A7,FF,FF,0,0,0,0
2C0,FF,FF,FF,FF,FF,FF,FF,0
0,1,0,0,0,0,0
14,17,7E,1,FF,10,9A,FF
11D,0,0,0
9F,7,10,0,1,FF,FF,FF,11
1BB,0,0,0,0,0,0
394,7,0,0,0,0,0
2,FF,FF,FF,FF,FF,FF,FF,FF
3D0,0,A,A,A,A,A,FF
40C,FD,11,3F,FF,FF,FF,FF,FF
12,0,20,2,40,5F,46
1B6,20,3,29,4,29,0,20
3F8,0,38,0,FF,7B,0
2,FF,FF,FF,FF,FF,FF,FF,FF
6,0,0,14,3C,1E,2,58
15,57,79,6,FF,0,0
1B,3,0,0,0,0,0,0,0
1A7,FF,FF,0,0,0,0
2C0,FF,FF,FF,FF,FF,FF,FF,0
0,1,0,0,0,0,0
13,8,0,0,5F,46
14,17,7E,1,FF,10,9A,FF
210,1,0
11D,0,0,0
1C8,0
3A0,0,0
2,FF,FF,FF,FF,FF,FF,FF,FF
411,FD,14,3F,FF,FF,FF,FF,FF
1B4,5,70,7,0,0,0
9C,0,0
3F8,0,38,0,FF,7B,0
2,FF,FF,FF,FF,FF,FF,FF,FF
3,0,0,7,0,FF,FF,C
6,0,0,14,3C,1E,2,58
15,57,79,6,FF,0,0
1B,3,0,0,0,0,0,0,0
2C,FF,FF,FF,FF,0,FF,FF
1A7,FF,FF,0,0,0,0
2C0,FF,FF,FF,FF,FF,FF,FF,0
B8,2,0
0,1,0,0,0,0,0
14,17,7E,1,FF,10,9A,FF
11D,0,0,0
414,FD,15,3F,FF,FF,FF,FF,FF
2,FF,FF,FF,FF,FF,FF,FF,FF
12,0,20,2,40,0,0
3F8,0,38,0,FF,7B,0
2,FF,FF,FF,FF,FF,FF,FF,FF
6,0,0,14,3C,1E,2,58
15,57,79,6,FF,0,0
1B,3,0,0,0,0,0,0,0
1A7,FF,FF,0,0,0,0
2C0,FF,FF,FF,FF,FF,FF,FF,0
1A2,0,FA,0,0,0,0
0,1,0,0,0,0,0
14,17,7E,1,FF,10,9A,FF
11D,0,0,0
415,FD,16,3F,FF,FF,FF,FF,FF
2,FF,FF,FF,FF,FF,FF,FF,FF
3F8,0,38,0,FF,7B,0
2,FF,FF,FF,FF,FF,FF,FF,FF
6,0,0,14,3C,1E,2,58
15,57,79,6,FF,0,0
1B,3,0,0,0,0,0,0,0
1A7,FF,FF,0,0,0,0
2C0,FF,FF,FF,FF,FF,FF,FF,0
0,1,0,0,0,0,0
14,17,7E,1,FF,10,9A,FF
11D,0,0,0
416,FD,1B,3F,FF,FF,FF,FF,FF
2,FF,FF,FF,FF,FF,FF,FF,FF
3F8,0,38,0,FF,7B,0
2,FF,FF,FF,FF,FF,FF,FF,FF
6,0,0,14,3C,1E,2,58
15,57,79,6,FF,0,0
1B,3,0,0,0,0,0,0,0
1A7,FF,FF,0,0,0,0
2C0,FF,FF,FF,FF,FF,FF,FF,0
0,1,0,0,0,0,0
14,17,7E,1,FF,10,9A,FF
11D,0,0,0
41B,FD,1E,3F,FF,FF,FF,FF,FF
2,FF,FF,FF,FF,FF,FF,FF,FF
3F8,0,38,0,FF,7B,0
2,FF,FF,FF,FF,FF,FF,FF,FF
6,0,0,14,3C,1E,2,58
15,57,79,6,FF,0,0

