1B4,5,71,7,0,0,0
2,FF,FF,FF,FF,FF,FF,FF,FF
0,63,0,0,0,0,0
11D,0,1,0
1C8,0
40C,FD,11,BF,FF,FF,FF,FF,FF
14,17,7B,54,FF,11,94,FF
3A0,0,0
3F8,6,38,0,FF,7B,0
2,FF,FF,FF,FF,FF,FF,FF,FF
6,0,22,14,3C,1E,2,58
15,5A,79,7,FF,0,0
1B,3,35,37,30,0,0,0,0
1A7,FF,FF,0,3,0,0
2C0,FF,FF,FF,FF,FF,FF,FF,5A
1AC,5
B8,2,0
12,0,20,2,40,0,0
1B6,20,3,2A,4,2A,0,20
2,FF,FF,FF,FF,FF,FF,FF,FF
0,63,0,0,0,0,0
11D,0,1,0
411,FD,14,BF,FF,FF,FF,FF,FF
13,88,0,0,5F,46
14,17,7B,54,FF,11,94,FF
1B8,0
210,3,0
3F8,6,38,0,FF,7B,0
2,FF,FF,FF,FF,FF,FF,FF,FF
6,0,22,14,3C,1E,2,58
15,5A,79,7,FF,0,0
1B,3,35,37,30,0,0,0,0
1A7,FF,FF,0,3,0,0
2C0,FF,FF,FF,FF,FF,FF,FF,5A
2,FF,FF,FF,FF,FF,FF,FF,FF
BA,0,0
0,63,0,0,0,0,0
11D,0,1,0
414,FD,15,3F,FF,FF,FF,FF,FF
14,17,7B,54,FF,11,94,FF
3F8,6,38,0,FF,7B,0
2,FF,FF,FF,FF,FF,FF,FF,FF
3,93,5,80,E0,50,FC,C
6,0,22,14,3C,1E,2,58
15,5A,79,7,FF,0,0
1B,3,35,37,30,0,0,0,0
2C,FF,FF,FF,FF,3,FF,FF
1A5,3F,0,FF,FF,FF
1A7,FF,FF,0,3,0,0
416,FD,1E,BF,FF,FF,FF,FF,FF
1AE,0,F0,0,0,0,0
1B2,0,7,0,0,0,0
2C0,FF,FF,FF,FF,FF,FF,FF,5A
41B,FE,1E,BF,FF,FF,FF,FF,FF
18C,0,3,6B,21,2,0,0,0
2,FF,FF,FF,FF,FF,FF,FF,FF
190,1,1,5,0,10,0,7
0,63,0,0,0,0,0
9C,0,0
11D,0,1,0
9F,1,13,6B,0,FF,FF,FF,1
14,17,7B,54,FF,11,94,FF
3D0,1C,A,A,A,A,A,0
3F8,6,38,0,FF,7B,0
2,FF,FF,FF,FF,FF,FF,FF,FF
6,0,22,14,3C,1E,2,58
15,5A,79,7,FF,0,0
1B,3,35,37,30,0,0,0,0
1A7,FF,FF,0,3,0,0
41E,FD,21,BF,FF,FF,FF,FF,FF
2C0,FF,FF,FF,FF,FF,FF,FF,5A
2,FF,FF,FF,FF,FF,FF,FF,FF
0,63,0,0,0,0,0
11D,0,1,0
14,17,7B,54,FF,11,94,FF
3F8,6,38,0,FF,7B,0
2,FF,FF,FF,FF,FF,FF,FF,FF
6,0,22,14,3C,1E,2,58
15,5A,79,7,FF,0,0
1B,3,35,37,30,0,0,0,0
1A7,FF,FF,0,3,0,0
421,FD,3E,BF,FF,FF,FF,FF,FF
2C0,FF,FF,FF,FF,FF,FF,FF,5A
1AA,0
1B4,5,71,7,0,0,0
2,FF,FF,FF,FF,FF,FF,FF,FF
0,63,0,0,0,0,0
11D,0,1,0
1C8,0
14,17,7B,54,FF,11,94,FF
3A0,0,0
3F8,6,38,0,FF,7B,0
2,FF,FF,FF,FF,FF,FF,FF,FF
43E,FD,0,BF,FF,FF,FF,FF,FF
6,0,22,14,3C,1E,2,58
15,5A,79,7,FF,0,0
1B,3,35,37,30,0,0,0,0
1A7,FF,FF,0,3,0,0
2C0,FF,FF,FF,FF,FF,FF,FF,5A
B8,2,0
2,FF,FF,FF,FF,FF,FF,FF,FF
0,63,0,0,0,0,0
11D,0,1,0
13,88,0,0,5F,46
14,17,7B,54,FF,11,94,FF
2E,3,0,0
D0,0,0
EC,0
159,1C,FF,FF,FF,1,FF,0,1C
210,3,0
3F8,6,38,0,FF,7B,0
2,FF,FF,FF,FF,FF,FF,FF,FF
6,0,22,14,3C,1E,2,58
15,5A,79,7,FF,0,0
1B,3,35,37,30,0,0,0,0
1A2,0,FA,0,0,0,0
1A7,FF,FF,0,3,0,0
400,FD,2,3F,FF,FF,FF,FF,FF
2C0,FF,FF,FF,FF,FF,FF,FF,5A
2,FF,FF,FF,FF,FF,FF,FF,FF
0,63,0,0,0,0,0
11D,0,1,0
14,17,7B,54,FF,11,94,FF
3F8,6,38,0,FF,7B,0
2,FF,FF,FF,FF,FF,FF,FF,FF
3,93,5,80,E0,50,FC,C
6,0,22,14,3C,1E,2,58
15,5A,79,7,FF,0,0
1B,3,35,37,30,0,0,0,0
2C,FF,FF,FF,FF,3,FF,FF
1A7,FF,FF,0,3,0,0
2C0,FF,FF,FF,FF,FF,FF,FF,5A
402,FD,8,3F,FF,FF,FF,FF,FF
2,FF,FF,FF,FF,FF,FF,FF,FF
0,63,0,0,0,0,0
9C,0,0
11D,0,1,0
14,17,7B,54,FF,11,94,FF
3F8,6,38,0,FF,7B,0
2,FF,FF,FF,FF,FF,FF,FF,FF
6,0,22,14,3C,1E,2,58
15,5A,79,7,FF,0,0
1B,3,35,37,30,0,0,0,0
1A7,FF,FF,0,3,0,0
408,FD,A,BF,FF,FF,FF,FF,FF
2C0,FF,FF,FF,FF,FF,FF,FF,5A
2,FF,FF,FF,FF,FF,FF,FF,FF
0,63,0,0,0,0,0
11D,0,1,0
14,17,7B,54,FF,11,94,FF
40A,FD,C,BF,FF,FF,FF,FF,FF
3F8,6,38,0,FF,7B,0
2,FF,FF,FF,FF,FF,FF,FF,FF
6,0,22,14,3C,1E,2,58
15,5A,79,7,FF,0,0
1B,3,35,37,30,0,0,0,0
1A7,FF,FF,0,3,0,0
2C0,FF,FF,FF,FF,FF,FF,FF,5A
1AA,0
1B3,0,0,0,0,0,0
2,FF,FF,FF,FF,FF,FF,FF,FF
1B4,5,71,7,0,0,0
0,63,0,0,0,0,0
11D,0,1,0
1C8,0
40C,FD,11,BF,FF,FF,FF,FF,FF
14,17,7B,54,FF,11,94,FF
1F8,0
3F8,6,38,0,FF,7B,0
2,FF,FF,FF,FF,FF,FF,FF,FF
6,0,22,14,3C,1E,2,58
15,5A,79,7,FF,0,0
1B,3,35,37,30,0,0,0,0
1A7,FF,FF,0,3,0,0
3A0,0,0
2C0,FF,FF,FF,FF,FF,FF,FF,5A
1AC,5
B8,2,0
12,0,20,2,40,0,0
1B6,20,1,29,2,28,0,20
2,FF,FF,FF,FF,FF,FF,FF,FF
0,63,0,0,0,0,0
11D,0,1,0
411,FD,14,BF,FF,FF,FF,FF,FF
13,88,0,0,5F,46
14,17,7B,54,FF,11,94,FF
1B8,0
210,3,0
3F8,6,38,0,FF,7B,0
2,FF,FF,FF,FF,FF,FF,FF,FF
6,0,22,14,3C,1E,2,58
15,5A,79,7,FF,0,0
1B,3,35,37,30,0,0,0,0
1A7,FF,FF,0,3,0,0
2C0,FF,FF,FF,FF,FF,FF,FF,5A
2,FF,FF,FF,FF,FF,FF,FF,FF
BA,0,0
0,63,0,0,0,0,0
11D,0,1,0
414,FD,15,3F,FF,FF,FF,FF,FF
14,17,7B,54,FF,11,94,FF
3F8,6,38,0,FF,7B,0
2,FF,FF,FF,FF,FF,FF,FF,FF
3,93,5,80,E0,50,FC,C
6,0,22,14,3C,1E,2,58
10,43,1,19,71,E3,E0,2A,3
11,FF,1F,0,B,8C,41,11,0
15,5A,7A,7,FF,0,0
416,FD,1E,BF,FF,FF,FF,FF,FF
1B,3,35,37,30,0,0,0,0
2C,FF,FF,FF,FF,3,FF,FF
110,97,7E,26,80,83,0,55,0
1A7,FF,FF,0,3,0,0
1AD,3,42,42,4,0,0
41B,FE,1E,BF,FF,FF,FF,FF,FF
1AF,3,A7,0,E0,95,BD,8,0
1B0,E,92,3,E8,A,A0,8,D9
1B5,1F,D,17,D1,0,0
2C0,FF,FF,FF,FF,FF,FF,FF,5A
18C,0,3,6B,21,2,0,0,0
1A5,3F,0,FF,FF,FF
2,FF,FF,FF,FF,FF,FF,FF,FF
190,1,1,5,0,10,0,7
0,63,0,0,0,0,0
9F,1,13,6B,0,FF,FF,FF,1
11D,0,1,0
9C,0,0
14,17,7B,54,FF,11,94,FF
3D0,1C,A,A,A,A,A,0
3F8,6,38,0,FF,7B,0
2,FF,FF,FF,FF,FF,FF,FF,FF
6,0,22,14,3C,1E,2,58
15,5A,79,7,FF,0,0
1B,3,35,37,30,0,0,0,0
1A7,FF,FF,0,3,0,0
41E,FD,21,BF,FF,FF,FF,FF,FF
2C0,FF,FF,FF,FF,FF,FF,FF,5A
2,FF,FF,FF,FF,FF,FF,FF,FF
0,63,0,0,0,0,0
11D,0,1,0
421,FD,3E,BF,FF,FF,FF,FF,FF
14,17,7B,54,FF,11,94,FF
3F8,6,38,0,FF,7B,0
2,FF,FF,FF,FF,FF,FF,FF,FF
6,0,22,14,3C,1E,2,58
15,5A,79,7,FF,0,0
1B,3,35,37,30,0,0,0,0
1A7,FF,FF,0,3,0,0
3F1,41,0
2C0,FF,FF,FF,FF,FF,FF,FF,5A
1AA,0
1B4,5,71,7,0,0,0
2,FF,FF,FF,FF,FF,FF,FF,FF
0,63,0,0,0,0,0
11D,0,1,0
43E,FD,0,BF,FF,FF,FF,FF,FF
1C8,0
14,17,7B,54,FF,11,94,FF
3A0,0,0
3F8,6,38,0,FF,7B,0
2,FF,FF,FF,FF,FF,FF,FF,FF
6,0,22,14,3C,1E,2,58
15,5A,79,7,FF,0,0
1B,3,35,37,30,0,0,0,0
1A7,FF,FF,0,3,0,0
2C0,FF,FF,FF,FF,FF,FF,FF,5A
B8,2,0
2,FF,FF,FF,FF,FF,FF,FF,FF
0,63,0,0,0,0,0
400,FD,2,3F,FF,FF,FF,FF,FF
11D,0,1,0
13,88,0,0,5F,46
14,17,7B,54,FF,11,94,FF
2E,3,0,0
D0,0,0
EC,0
159,1C,FF,FF,FF,1,FF,0,1C
210,3,0
3F8,6,38,0,FF,7B,0
2,FF,FF,FF,FF,FF,FF,FF,FF
6,0,22,14,3C,1E,2,58
15,5A,79,7,FF,0,0
1B,3,35,37,30,0,0,0,0
1A2,0,FA,0,0,0,0
1A7,FF,FF,0,3,0,0
2C0,FF,FF,FF,FF,FF,FF,FF,5A
2,FF,FF,FF,FF,FF,FF,FF,FF
0,63,0,0,0,0,0
402,FD,8,3F,FF,FF,FF,FF,FF
11D,0,1,0
14,17,7B,54,FF,11,94,FF
3F8,6,38,0,FF,7B,0
2,FF,FF,FF,FF,FF,FF,FF,FF
3,93,5,80,E0,50,FC,C
6,0,22,14,3C,1E,2,58
15,5A,79,7,FF,0,0
1B,3,35,37,30,0,0,0,0
2C,FF,FF,FF,FF,3,FF,FF
1A7,FF,FF,0,3,0,0
2C0,FF,FF,FF,FF,FF,FF,FF,5A
2,FF,FF,FF,FF,FF,FF,FF,FF
408,FD,A,BF,FF,FF,FF,FF,FF
0,63,0,0,0,0,0
11D,0,1,0
9C,0,0
14,17,7B,54,FF,11,94,FF
3F8,6,38,0,FF,7B,0
2,FF,FF,FF,FF,FF,FF,FF,FF
6,0,22,14,3C,1E,2,58
15,5A,79,7,FF,0,0
1B,3,35,37,30,0,0,0,0
1A7,FF,FF,0,3,0,0
2C0,FF,FF,FF,FF,FF,FF,FF,5A
2,FF,FF,FF,FF,FF,FF,FF,FF
40A,FD,C,BF,FF,FF,FF,FF,FF
0,63,0,0,0,0,0
11D,0,1,0
14,17,7B,54,FF,11,94,FF
3F8,6,38,0,FF,7B,0
2,FF,FF,FF,FF,FF,FF,FF,FF
6,0,22,14,3C,1E,2,58
15,5A,79,7,FF,0,0
1B,3,35,37,30,0,0,0,0
1A7,FF,FF,0,3,0,0
2C0,FF,FF,FF,FF,FF,FF,FF,5A
1AA,0
1B4,5,71,7,0,0,0
40C,FD,11,BF,FF,FF,FF,FF,FF
2,FF,FF,FF,FF,FF,FF,FF,FF
0,63,0,0,0,0,0
11D,0,1,0
1C8,0
14,17,7B,54,FF,11,94,FF
3A0,0,0
3F8,6,38,0,FF,7B,0
2,FF,FF,FF,FF,FF,FF,FF,FF
6,0,22,14,3C,1E,2,58
15,5A,79,7,FF,0,0
1B,3,35,37,30,0,0,0,0
1A7,FF,FF,0,3,0,0
2C0,FF,FF,FF,FF,FF,FF,FF,5A
1AC,5
B8,2,0
12,0,20,2,40,0,0
1B6,20,3,2A,4,2A,0,20
411,FD,14,BF,FF,FF,FF,FF,FF
2,FF,FF,FF,FF,FF,FF,FF,FF
0,63,0,0,0,0,0
11D,0,1,0
13,88,0,0,5F,46
14,17,7B,54,FF,11,94,FF
210,3,0
1B8,0
3F8,6,38,0,FF,7B,0
2,FF,FF,FF,FF,FF,FF,FF,FF
6,0,22,14,3C,1E,2,58
15,5A,7A,7,FF,0,0
1B,3,35,37,30,0,0,0,0
1A7,FF,FF,0,3,0,0
2C0,FF,FF,FF,FF,FF,FF,FF,5A
414,FD,15,3F,FF,FF,FF,FF,FF
2,FF,FF,FF,FF,FF,FF,FF,FF
BA,0,0
416,FD,1E,BF,FF,FF,FF,FF,FF
0,63,0,0,0,0,0
41B,FE,1E,BF,FF,FF,FF,FF,FF
11D,0,1,0
18C,0,3,6B,21,2,0,0,0
14,17,7B,54,FF,11,94,FF
3F8,6,38,0,FF,7B,0
2,FF,FF,FF,FF,FF,FF,FF,FF
3,93,5,80,E0,50,FC,C
6,0,22,14,3C,1E,2,58
15,5A,79,7,FF,0,0
1B,3,35,37,30,0,0,0,0
2C,FF,FF,FF,FF,3,FF,FF
190,1,1,5,0,10,0,7
1A5,3F,0,FF,FF,FF
1A7,FF,FF,0,3,0,0
1AE,0,F0,0,0,0,0
1B2,0,7,0,0,0,0
2C0,FF,FF,FF,FF,FF,FF,FF,5A
9F,1,13,6B,0,FF,FF,FF,1
2,FF,FF,FF,FF,FF,FF,FF,FF
3D0,1C,A,A,A,A,A,0
41E,FD,21,BF,FF,FF,FF,FF,FF
0,63,0,0,0,0,0
11D,0,1,0
9C,0,0
14,17,7B,54,FF,11,94,FF
3F8,6,38,0,FF,7B,0
2,FF,FF,FF,FF,FF,FF,FF,FF
6,0,22,14,3C,1E,2,58
15,5A,79,7,FF,0,0
1B,3,35,37,30,0,0,0,0
1A7,FF,FF,0,3,0,0
2C0,FF,FF,FF,FF,FF,FF,FF,5A
2,FF,FF,FF,FF,FF,FF,FF,FF
421,FD,3E,BF,FF,FF,FF,FF,FF
0,63,0,0,0,0,0
11D,0,1,0
14,17,7B,54,FF,11,94,FF
3F8,6,38,0,FF,7B,0
2,FF,FF,FF,FF,FF,FF,FF,FF
6,0,22,14,3C,1E,2,58
15,5A,79,7,FF,0,0
1B,3,35,37,30,0,0,0,0
1A7,FF,FF,0,3,0,0
2C0,FF,FF,FF,FF,FF,FF,FF,5A
1AA,0
1B4,5,71,7,0,0,0
43E,FD,0,BF,FF,FF,FF,FF,FF
2,FF,FF,FF,FF,FF,FF,FF,FF
0,63,0,0,0,0,0
11D,0,1,0
1C8,0
14,17,7B,54,FF,11,94,FF
3A0,0,0
3F8,6,38,0,FF,7B,0
2,FF,FF,FF,FF,FF,FF,FF,FF
6,0,22,14,3C,1E,2,58
15,5A,79,7,FF,0,0
1B,3,35,37,30,0,0,0,0
1A7,FF,FF,0,3,0,0
2C0,FF,FF,FF,FF,FF,FF,FF,5A
B8,2,0
400,FD,2,3F,FF,FF,FF,FF,FF
2,FF,FF,FF,FF,FF,FF,FF,FF
0,63,0,0,0,0,0
11D,0,1,0
13,88,0,0,5F,46
14,17,7B,54,FF,11,94,FF
2E,3,0,0
D0,0,0
EC,0
159,1C,FF,FF,FF,1,FF,0,1C
210,3,0
3F8,6,38,0,FF,7B,0
2,FF,FF,FF,FF,FF,FF,FF,FF
6,0,22,14,3C,1E,2,58
15,5A,79,7,FF,0,0
1B,3,35,37,30,0,0,0,0
1A2,0,FA,0,0,0,0
1A7,FF,FF,0,3,0,0
2C0,FF,FF,FF,FF,FF,FF,FF,5A
402,FD,8,3F,FF,FF,FF,FF,FF
2,FF,FF,FF,FF,FF,FF,FF,FF
0,63,0,0,0,0,0
11D,0,1,0
14,17,7B,54,FF,11,94,FF
3F8,6,38,0,FF,7B,0
2,FF,FF,FF,FF,FF,FF,FF,FF
3,93,5,80,E0,50,FC,C
6,0,22,14,3C,1E,2,58
15,5A,79,7,FF,0,0
1B,3,35,37,30,0,0,0,0
2C,FF,FF,FF,FF,3,FF,FF
1A7,FF,FF,0,3,0,0
2C0,FF,FF,FF,FF,FF,FF,FF,5A
408,FD,A,BF,FF,FF,FF,FF,FF
2,FF,FF,FF,FF,FF,FF,FF,FF
0,63,0,0,0,0,0
11D,0,1,0
9C,0,0
14,17,7B,54,FF,11,94,FF
3F8,6,38,0,FF,7B,0
2,FF,FF,FF,FF,FF,FF,FF,FF
6,0,22,14,3C,1E,2,58
15,5A,79,7,FF,0,0
1B,3,35,37,30,0,0,0,0
1A7,FF,FF,0,3,0,0
2C0,FF,FF,FF,FF,FF,FF,FF,5A
40A,FD,C,BF,FF,FF,FF,FF,FF
2,FF,FF,FF,FF,FF,FF,FF,FF
0,63,0,0,0,0,0
11D,0,1,0
14,17,7B,54,FF,11,94,FF
3F8,6,38,0,FF,7B,0
2,FF,FF,FF,FF,FF,FF,FF,FF
6,0,22,14,3C,1E,2,58
15,5A,79,7,FF,0,0
1B,3,35,37,30,0,0,0,0
1A7,FF,FF,0,3,0,0
2C0,FF,FF,FF,FF,FF,FF,FF,5A